taxa,accession,country,year,te
AfricaAGOERR976456T119700101,ERR976456,angola,1970,T1
AfricaAGOERR976457T119700101,ERR976457,angola,1970,T1
AfricaAGOERR1880793T119720101,ERR1880793,angola,1972,T1
AfricaAGOERR976498T119880101,ERR976498,angola,1988,T1
AfricaAGOERR976499T119880101,ERR976499,angola,1988,T1
AfricaAGOERR976500T119880101,ERR976500,angola,1988,T1
AfricaAGOERR976501T119880101,ERR976501,angola,1988,T1
AfricaAGOERR976502T119880101,ERR976502,angola,1988,T1
AfricaAGOERR976503T119880101,ERR976503,angola,1988,T1
AfricaAGOERR025381T119890101,ERR025381,angola,1989,T1
AfricaAGOERR976391T119900101,ERR976391,angola,1990,T1
AfricaAGOERR976396T119900101,ERR976396,angola,1990,T1
AfricaAGOERR976522T119920101,ERR976522,angola,1992,T1
AfricaAGOERR976532T119940101,ERR976532,angola,1994,T1
AfricaAGOERR976533T119940101,ERR976533,angola,1994,T1
AfricaAGOERR998664T119950101,ERR998664,angola,1995,T1
AfricaAGOERR998665T119950101,ERR998665,angola,1995,T1
AfricaAGOERS4937852T1020180101,ERS4937852,angola,2018,T10
AfricaBENERR976459T119700101,ERR976459,benin,1970,T1
AfricaBENERR976460T119700101,ERR976460,benin,1970,T1
AfricaBENERR976483T119850101,ERR976483,benin,1985,T1
AfricaBENERR976513T719910101,ERR976513,benin,1991,T7
AfricaBENERR976514T719910101,ERR976514,benin,1991,T7
AfricaBENERR976515T719910101,ERR976515,benin,1991,T7
AfricaBENERR998749T919970101,ERR998749,benin,1997,T9
AfricaBENERR998750T919970101,ERR998750,benin,1997,T9
AfricaBENERR1877956T920020101,ERR1877956,benin,2002,T9
AfricaBENERR1877957T920020101,ERR1877957,benin,2002,T9
AfricaBENERR1878091T920030101,ERR1878091,benin,2003,T9
AfricaBENERR1878092T920030101,ERR1878092,benin,2003,T9
AfricaBENERR1878109T920040101,ERR1878109,benin,2004,T9
AfricaBENERR1878110T920040101,ERR1878110,benin,2004,T9
AfricaBENERR1878133T920050101,ERR1878133,benin,2005,T9
AfricaBENERR1878134T920050101,ERR1878134,benin,2005,T9
AfricaBENERR1878561T920070101,ERR1878561,benin,2007,T9
AfricaBENERR1878586T920100101,ERR1878586,benin,2010,T9
AfricaBENERR1878587T920100101,ERR1878587,benin,2010,T9
AfricaBFAERR976418T119740101,ERR976418,burkina faso,1974,T1
AfricaBFAERR976419T119740101,ERR976419,burkina faso,1974,T1
AfricaBFAERR976442T119740101,ERR976442,burkina faso,1974,T1
AfricaBFAERR976443T119740101,ERR976443,burkina faso,1974,T1
AfricaBFAERR976479T119840101,ERR976479,burkina faso,1984,T1
AfricaBFAERR976485T119840101,ERR976485,burkina faso,1984,T1
AfricaBFAERR976486T119840101,ERR976486,burkina faso,1984,T1
AfricaBFAERR998671T719950101,ERR998671,burkina faso,1995,T7
AfricaBFAERR998672T719950101,ERR998672,burkina faso,1995,T7
AfricaBFAERR998687T919950101,ERR998687,burkina faso,1995,T9
AfricaBFAERR998688T919950101,ERR998688,burkina faso,1995,T9
AfricaBFAERR976572T919980101,ERR976572,burkina faso,1998,T9
AfricaBFAERR976573T919980101,ERR976573,burkina faso,1998,T9
AfricaBFAERR1879646T919990101,ERR1879646,burkina faso,1999,T9
AfricaBFAERR1877948T920010101,ERR1877948,burkina faso,2001,T9
AfricaBFAERR1877949T920010101,ERR1877949,burkina faso,2001,T9
AfricaBFAERR1878562T920050101,ERR1878562,burkina faso,2005,T9
AfricaBFAERR1878563T920050101,ERR1878563,burkina faso,2005,T9
AfricaBDIERR1877617T519920101,ERR1877617,burundi,1992,T5
AfricaBDIERR1877618T519920101,ERR1877618,burundi,1992,T5
AfricaBDIERR976529T519930101,ERR976529,burundi,1993,T5
AfricaBDIERR976530T519930101,ERR976530,burundi,1993,T5
AfricaBDIERR1879636T519970101,ERR1879636,burundi,1997,T5
AfricaBDIERR1877941T1020010101,ERR1877941,burundi,2001,T10
AfricaBDIERR1877942T1020010101,ERR1877942,burundi,2001,T10
AfricaCMRERR976400T119700101,ERR976400,cameroon,1970,T1
AfricaCMRERR976420T119700101,ERR976420,cameroon,1970,T1
AfricaCMRERR976421T119700101,ERR976421,cameroon,1970,T1
AfricaCMRERR976422T119700101,ERR976422,cameroon,1970,T1
AfricaCMRERR976423T119700101,ERR976423,cameroon,1970,T1
AfricaCMRERR976424T119700101,ERR976424,cameroon,1970,T1
AfricaCMRERR1879651T119930101,ERR1879651,cameroon,1993,T1
AfricaCMRERR998666T719950101,ERR998666,cameroon,1995,T7
AfricaCMRERR998703T919960101,ERR998703,cameroon,1996,T9
AfricaCMRERR998712T919960101,ERR998712,cameroon,1996,T9
AfricaCMRERR998727T719970101,ERR998727,cameroon,1997,T7
AfricaCMRERR998728T719970101,ERR998728,cameroon,1997,T7
AfricaCMRERR998731T719970101,ERR998731,cameroon,1997,T7
AfricaCMRERR976554T919970101,ERR976554,cameroon,1997,T9
AfricaCMRERR976555T919970101,ERR976555,cameroon,1997,T9
AfricaCMRERR998725T919970101,ERR998725,cameroon,1997,T9
AfricaCMRERR998726T919970101,ERR998726,cameroon,1997,T9
AfricaCMRERR976561T719980101,ERR976561,cameroon,1998,T7
AfricaCMRERR976562T719980101,ERR976562,cameroon,1998,T7
AfricaCMRERR976568T719980101,ERR976568,cameroon,1998,T7
AfricaCMRERR976570T719980101,ERR976570,cameroon,1998,T7
AfricaCMRERR976576T919980101,ERR976576,cameroon,1998,T9
AfricaCMRERR976577T919980101,ERR976577,cameroon,1998,T9
AfricaCMRERR976578T919980101,ERR976578,cameroon,1998,T9
AfricaCMRERR976579T919980101,ERR976579,cameroon,1998,T9
AfricaCMRERR1879650T719990101,ERR1879650,cameroon,1999,T7
AfricaCMRERR1877643T920000101,ERR1877643,cameroon,2000,T9
AfricaCMRERR1877645T920000101,ERR1877645,cameroon,2000,T9
AfricaCMRERR1877950T920010101,ERR1877950,cameroon,2001,T9
AfricaCMRERR1878106T920010101,ERR1878106,cameroon,2001,T9
AfricaCMRERR1878107T920020101,ERR1878107,cameroon,2002,T9
AfricaCMRERR1878105T920040101,ERR1878105,cameroon,2004,T9
AfricaCMRERR1878108T920040101,ERR1878108,cameroon,2004,T9
AfricaCMRERR1878128T920050101,ERR1878128,cameroon,2005,T9
AfricaCMRERR1878129T920050101,ERR1878129,cameroon,2005,T9
AfricaCMRERR1878152T920060101,ERR1878152,cameroon,2006,T9
AfricaCMRERR1878573T920080101,ERR1878573,cameroon,2008,T9
AfricaCMRERR1878574T920080101,ERR1878574,cameroon,2008,T9
AfricaCMRERR1878580T1220090101,ERR1878580,cameroon,2009,T12
AfricaCMRERR1878588T1220100101,ERR1878588,cameroon,2010,T12
AfricaCMRERR1878595T1220100101,ERR1878595,cameroon,2010,T12
AfricaCMRERR1878598T1220100101,ERR1878598,cameroon,2010,T12
AfricaCMRSAMN05354843T1220101127,SAMN05354843,cameroon,2010,T12
AfricaCMRSAMN05417940T1220101125,SAMN05417940,cameroon,2010,T12
AfricaCMRSAMN05417943T1220101222,SAMN05417943,cameroon,2010,T12
AfricaCMRSAMN05425594T1220101231,SAMN05425594,cameroon,2010,T12
AfricaCMRSAMN05425605T1220101230,SAMN05425605,cameroon,2010,T12
AfricaCMRSAMN05425712T1220101230,SAMN05425712,cameroon,2010,T12
AfricaCMRSRR773655T1220100101,SRR773655,cameroon,2010,T12
AfricaCMRERR1878596T1220110101,ERR1878596,cameroon,2011,T12
AfricaCMRERR1878597T1220110101,ERR1878597,cameroon,2011,T12
AfricaCMRSAMN05425716T1220110115,SAMN05425716,cameroon,2011,T12
AfricaCMRSAMN05425724T1220110205,SAMN05425724,cameroon,2011,T12
AfricaCMRSAMN05426682T1220110223,SAMN05426682,cameroon,2011,T12
AfricaCMRSAMN05426768T1220110314,SAMN05426768,cameroon,2011,T12
AfricaCMRSAMN05426804T1220110316,SAMN05426804,cameroon,2011,T12
AfricaCMRSAMN05426806T1220110217,SAMN05426806,cameroon,2011,T12
AfricaCMRSAMN05427118T1220110321,SAMN05427118,cameroon,2011,T12
AfricaCMRSAMN05427412T1220110627,SAMN05427412,cameroon,2011,T12
AfricaCMRSAMN05427413T1220110629,SAMN05427413,cameroon,2011,T12
AfricaCMRSRS7416455T1220180101,SRS7416455,cameroon,2018,T12
AfricaCMRSRS7416456T1220180101,SRS7416456,cameroon,2018,T12
AfricaCMRSRS7416457T1220180101,SRS7416457,cameroon,2018,T12
AfricaCMRSRS7416459T1220180101,SRS7416459,cameroon,2018,T12
AfricaCMRSRS7416467T1220180101,SRS7416467,cameroon,2018,T12
AfricaCMRSRS7416478T1220180101,SRS7416478,cameroon,2018,T12
AfricaCMRSRS7416489T1220180101,SRS7416489,cameroon,2018,T12
AfricaCMRSRS7416496T1220180101,SRS7416496,cameroon,2018,T12
AfricaCMRSRS7416497T1220180101,SRS7416497,cameroon,2018,T12
AfricaCMRSRS7416498T1220180101,SRS7416498,cameroon,2018,T12
AfricaCMRSRS7416499T1220180101,SRS7416499,cameroon,2018,T12
AfricaCMRSRS7416500T1220180101,SRS7416500,cameroon,2018,T12
AfricaCMRSRS7416458T1220190101,SRS7416458,cameroon,2019,T12
AfricaCMRSRS7416460T1220190101,SRS7416460,cameroon,2019,T12
AfricaCMRSRS7416461T1220190101,SRS7416461,cameroon,2019,T12
AfricaCMRSRS7416462T1220190101,SRS7416462,cameroon,2019,T12
AfricaCAFERR998735T719970101,ERR998735,central african rep.,1997,T7
AfricaCAFERR998736T719970101,ERR998736,central african rep.,1997,T7
AfricaCAFERR998737T719970101,ERR998737,central african rep.,1997,T7
AfricaCAFERR998738T719970101,ERR998738,central african rep.,1997,T7
AfricaCAFERR998744T719970101,ERR998744,central african rep.,1997,T7
AfricaCAFERR998745T719970101,ERR998745,central african rep.,1997,T7
AfricaCAFERR998747T719970101,ERR998747,central african rep.,1997,T7
AfricaCAFERR998748T719970101,ERR998748,central african rep.,1997,T7
AfricaCAFERR998739T919970101,ERR998739,central african rep.,1997,T9
AfricaCAFERR998740T919970101,ERR998740,central african rep.,1997,T9
AfricaCAFERR998742T919970101,ERR998742,central african rep.,1997,T9
AfricaCAFERR998743T919970101,ERR998743,central african rep.,1997,T9
AfricaCAFERR1878602T1020110101,ERR1878602,central african rep.,2011,T10
AfricaCAFERR1878603T1020110101,ERR1878603,central african rep.,2011,T10
AfricaTCDERR976401T119710101,ERR976401,chad,1971,T1
AfricaTCDERR976415T119720101,ERR976415,chad,1972,T1
AfricaTCDERR976416T119720101,ERR976416,chad,1972,T1
AfricaTCDERR976439T119720101,ERR976439,chad,1972,T1
AfricaTCDERR976437T119740101,ERR976437,chad,1974,T1
AfricaTCDERR976438T119740101,ERR976438,chad,1974,T1
AfricaTCDERR976440T119740101,ERR976440,chad,1974,T1
AfricaTCDERR998656T719940101,ERR998656,chad,1994,T7
AfricaTCDERR998662T719940101,ERR998662,chad,1994,T7
AfricaTCDERR998700T919960101,ERR998700,chad,1996,T9
AfricaTCDERR998701T919960101,ERR998701,chad,1996,T9
AfricaTCDERR998702T919960101,ERR998702,chad,1996,T9
AfricaTCDERR998708T919960101,ERR998708,chad,1996,T9
AfricaTCDERR998711T919960101,ERR998711,chad,1996,T9
AfricaTCDERR1879638T919980101,ERR1879638,chad,1998,T9
AfricaTCDERR1877945T920010101,ERR1877945,chad,2001,T9
AfricaTCDERR1877946T920010101,ERR1877946,chad,2001,T9
AfricaTCDERR1877947T920010101,ERR1877947,chad,2001,T9
AfricaTCDERR1878590T1220100101,ERR1878590,chad,2010,T12
AfricaTCDERR1878591T1220100101,ERR1878591,chad,2010,T12
AfricaTCDERR1878599T1220110101,ERR1878599,chad,2011,T12
AfricaTCDERR1878600T1220110101,ERR1878600,chad,2011,T12
AfricaCOMERR976451T119750101,ERR976451,comoros,1975,T1
AfricaCOMERR976452T119750101,ERR976452,comoros,1975,T1
AfricaCOMERR976453T119750101,ERR976453,comoros,1975,T1
AfricaCOMERR976556T1019980101,ERR976556,comoros,1998,T10
AfricaCOMERR976557T1019980101,ERR976557,comoros,1998,T10
AfricaCOMERR976558T1019980101,ERR976558,comoros,1998,T10
AfricaCOMERR1877640T1020000101,ERR1877640,comoros,2000,T10
AfricaCOMERR1877644T1020010101,ERR1877644,comoros,2001,T10
AfricaCOMERR1877648T1020010101,ERR1877648,comoros,2001,T10
AfricaCOMERR1877953T1020020101,ERR1877953,comoros,2002,T10
AfricaCOMERR1878103T1020030101,ERR1878103,comoros,2003,T10
AfricaCOMERR1878104T1020030101,ERR1878104,comoros,2003,T10
AfricaCIVERR976428T119700101,ERR976428,cote d'ivoire,1970,T1
AfricaCIVERR976458T119700101,ERR976458,cote d'ivoire,1970,T1
AfricaCIVERR976425T119730101,ERR976425,cote d'ivoire,1973,T1
AfricaCIVERR976426T119730101,ERR976426,cote d'ivoire,1973,T1
AfricaCIVERR976427T119730101,ERR976427,cote d'ivoire,1973,T1
AfricaCIVERR976411T119840101,ERR976411,cote d'ivoire,1984,T1
AfricaCIVERR1879384T119880101,ERR1879384,cote d'ivoire,1988,T1
AfricaCIVERR1879435T119880101,ERR1879435,cote d'ivoire,1988,T1
AfricaCIVERR1879535T119880101,ERR1879535,cote d'ivoire,1988,T1
AfricaCIVERR1879542T119880101,ERR1879542,cote d'ivoire,1988,T1
AfricaCIVERR976511T119880101,ERR976511,cote d'ivoire,1988,T1
AfricaCIVERR976512T119880101,ERR976512,cote d'ivoire,1988,T1
AfricaCIVERR976519T719910101,ERR976519,cote d'ivoire,1991,T7
AfricaCIVERR976534T719930101,ERR976534,cote d'ivoire,1993,T7
AfricaCIVERR976536T719930101,ERR976536,cote d'ivoire,1993,T7
AfricaCIVERR976535T719940101,ERR976535,cote d'ivoire,1994,T7
AfricaCIVERR998682T919950101,ERR998682,cote d'ivoire,1995,T9
AfricaCIVERR998683T919950101,ERR998683,cote d'ivoire,1995,T9
AfricaCIVERR998684T919950101,ERR998684,cote d'ivoire,1995,T9
AfricaCIVERR998685T919950101,ERR998685,cote d'ivoire,1995,T9
AfricaCIVERR976581T719980101,ERR976581,cote d'ivoire,1998,T7
AfricaCIVERR976582T719980101,ERR976582,cote d'ivoire,1998,T7
AfricaCIVERR1877646T920010101,ERR1877646,cote d'ivoire,2001,T9
AfricaCIVERR1877647T920010101,ERR1877647,cote d'ivoire,2001,T9
AfricaCIVERR1878089T920020101,ERR1878089,cote d'ivoire,2002,T9
AfricaCIVERR1878100T920030101,ERR1878100,cote d'ivoire,2003,T9
AfricaCIVERR1878102T920030101,ERR1878102,cote d'ivoire,2003,T9
AfricaCIVERR1878571T920060101,ERR1878571,cote d'ivoire,2006,T9
AfricaCIVERR1878572T920060101,ERR1878572,cote d'ivoire,2006,T9
AfricaDJIERR976478T419850101,ERR976478,djibouti,1985,T4
AfricaDJIERR976482T419850101,ERR976482,djibouti,1985,T4
AfricaDJIERR1879572T619930101,ERR1879572,djibouti,1993,T6
AfricaDJIERR1879652T619930101,ERR1879652,djibouti,1993,T6
AfricaDJIERR976597T619940101,ERR976597,djibouti,1994,T6
AfricaDJIERR976598T619940101,ERR976598,djibouti,1994,T6
AfricaDJIERR976599T619940101,ERR976599,djibouti,1994,T6
AfricaDJIERR976549T619970101,ERR976549,djibouti,1997,T6
AfricaDJIERR976551T619970101,ERR976551,djibouti,1997,T6
AfricaDJIERR976565T619970101,ERR976565,djibouti,1997,T6
AfricaDJIERR1877649T620000101,ERR1877649,djibouti,2000,T6
AfricaDJIERR1877938T620000101,ERR1877938,djibouti,2000,T6
AfricaDJIERR018172T1020070101,ERR018172,djibouti,2007,T10
AfricaDJIERR018174T1020070101,ERR018174,djibouti,2007,T10
AfricaDJIERR018175T1020070101,ERR018175,djibouti,2007,T10
AfricaDJIERR1878551T1020070101,ERR1878551,djibouti,2007,T10
AfricaCODERR976410T519840101,ERR976410,drc,1984,T5
AfricaCODERR976487T519850101,ERR976487,drc,1985,T5
AfricaCODERR976404T519880101,ERR976404,drc,1988,T5
AfricaCODERR976484T519880101,ERR976484,drc,1988,T5
AfricaCODERR976521T519910101,ERR976521,drc,1991,T5
AfricaCODERR976524T519920101,ERR976524,drc,1992,T5
AfricaCODERR976525T519930101,ERR976525,drc,1993,T5
AfricaCODERR976526T519930101,ERR976526,drc,1993,T5
AfricaCODERR976540T519940101,ERR976540,drc,1994,T5
AfricaCODERR976544T519940101,ERR976544,drc,1994,T5
AfricaCODERR998659T519940101,ERR998659,drc,1994,T5
AfricaCODERR998667T519950101,ERR998667,drc,1995,T5
AfricaCODERR998668T519950101,ERR998668,drc,1995,T5
AfricaCODERR998669T519950101,ERR998669,drc,1995,T5
AfricaCODERR998681T519950101,ERR998681,drc,1995,T5
AfricaCODERR998714T519960101,ERR998714,drc,1996,T5
AfricaCODERR998694T719960101,ERR998694,drc,1996,T7
AfricaCODERR998696T719960101,ERR998696,drc,1996,T7
AfricaCODERR998697T719960101,ERR998697,drc,1996,T7
AfricaCODERR998698T719960101,ERR998698,drc,1996,T7
AfricaCODERR976548T519970101,ERR976548,drc,1997,T5
AfricaCODERR976550T519970101,ERR976550,drc,1997,T5
AfricaCODERR998723T519970101,ERR998723,drc,1997,T5
AfricaCODERR998724T519970101,ERR998724,drc,1997,T5
AfricaCODERR998733T519970101,ERR998733,drc,1997,T5
AfricaCODERR998734T519970101,ERR998734,drc,1997,T5
AfricaCODERR998729T719970101,ERR998729,drc,1997,T7
AfricaCODERR998730T719970101,ERR998730,drc,1997,T7
AfricaCODERR998741T719970101,ERR998741,drc,1997,T7
AfricaCODERR998746T719970101,ERR998746,drc,1997,T7
AfricaCODERR1877951T1020010101,ERR1877951,drc,2001,T10
AfricaCODERR1877952T1020010101,ERR1877952,drc,2001,T10
AfricaCODERR572810T1020010101,ERR572810,drc,2001,T10
AfricaCODERR1877955T1020020101,ERR1877955,drc,2002,T10
AfricaCODERR1878101T1020020101,ERR1878101,drc,2002,T10
AfricaCODERR1878090T1020030101,ERR1878090,drc,2003,T10
AfricaCODERR1878093T1020030101,ERR1878093,drc,2003,T10
AfricaCODERR1878097T1020030101,ERR1878097,drc,2003,T10
AfricaCODERR1878116T1020040101,ERR1878116,drc,2004,T10
AfricaCODERR1878132T1020050101,ERR1878132,drc,2005,T10
AfricaCODERR1878136T1020050101,ERR1878136,drc,2005,T10
AfricaCODERR1878148T1020060101,ERR1878148,drc,2006,T10
AfricaCODERR1878155T1020060101,ERR1878155,drc,2006,T10
AfricaCODERR1878552T1020070101,ERR1878552,drc,2007,T10
AfricaCODERR1878564T1020070101,ERR1878564,drc,2007,T10
AfricaCODERR1878567T1020080101,ERR1878567,drc,2008,T10
AfricaCODERR1878568T1020080101,ERR1878568,drc,2008,T10
AfricaCODERR572756T1020080101,ERR572756,drc,2008,T10
AfricaCODERR572757T1020080101,ERR572757,drc,2008,T10
AfricaCODERR386629T1020090101,ERR386629,drc,2009,T10
AfricaCODERR386672T1020090101,ERR386672,drc,2009,T10
AfricaCODERR386683T1020090101,ERR386683,drc,2009,T10
AfricaCODERR386690T1020090101,ERR386690,drc,2009,T10
AfricaCODERR386698T1020090101,ERR386698,drc,2009,T10
AfricaCODERR572514T1020090101,ERR572514,drc,2009,T10
AfricaCODERR572538T1020090101,ERR572538,drc,2009,T10
AfricaCODERR572772T1020110101,ERR572772,drc,2011,T10
AfricaCODERR572781T1020110101,ERR572781,drc,2011,T10
AfricaCODERR572821T1020110101,ERR572821,drc,2011,T10
AfricaCODERR386647T1020120101,ERR386647,drc,2012,T10
AfricaCODERR386688T1020120101,ERR386688,drc,2012,T10
AfricaCODERR386695T1020120101,ERR386695,drc,2012,T10
AfricaCODERR386711T1020120101,ERR386711,drc,2012,T10
AfricaCODERR386712T1020120101,ERR386712,drc,2012,T10
AfricaCODERR572548T1020120101,ERR572548,drc,2012,T10
AfricaCODERR572807T1020120101,ERR572807,drc,2012,T10
AfricaCODERR572559T1020130101,ERR572559,drc,2013,T10
AfricaCODERR572563T1020130101,ERR572563,drc,2013,T10
AfricaCODERR572836T1020130101,ERR572836,drc,2013,T10
AfricaCODERR572837T1020130101,ERR572837,drc,2013,T10
AfricaCODERR1878607T1020140101,ERR1878607,drc,2014,T10
AfricaCODERR1878608T1020140101,ERR1878608,drc,2014,T10
AfricaCODERR3269039T1020140101,ERR3269039,drc,2014,T10
AfricaCODERR3269040T1020140101,ERR3269040,drc,2014,T10
AfricaCODERR3269041T1020140101,ERR3269041,drc,2014,T10
AfricaCODERR3269042T1020140101,ERR3269042,drc,2014,T10
AfricaCODERR3269044T1020140101,ERR3269044,drc,2014,T10
AfricaCODERR3269045T1020140101,ERR3269045,drc,2014,T10
AfricaCODERR3269049T1020140101,ERR3269049,drc,2014,T10
AfricaCODERR3269050T1020140101,ERR3269050,drc,2014,T10
AfricaCODERR3269051T1020140101,ERR3269051,drc,2014,T10
AfricaCODERR3269052T1020140101,ERR3269052,drc,2014,T10
AfricaCODERR3269053T1020140101,ERR3269053,drc,2014,T10
AfricaCODERR3269054T1020140101,ERR3269054,drc,2014,T10
AfricaCODERR3269055T1020140101,ERR3269055,drc,2014,T10
AfricaCODERR3269056T1020140101,ERR3269056,drc,2014,T10
AfricaCODERR3269057T1020140101,ERR3269057,drc,2014,T10
AfricaCODERR3269058T1020140101,ERR3269058,drc,2014,T10
AfricaCODERR3269059T1020140101,ERR3269059,drc,2014,T10
AfricaCODERR3269060T1020140101,ERR3269060,drc,2014,T10
AfricaCODERR3269061T1020140101,ERR3269061,drc,2014,T10
AfricaCODERR3269062T1020140101,ERR3269062,drc,2014,T10
AfricaCODERR10146577T1020150101,ERR10146577,drc,2015,T10
AfricaCODERR2265650T1020150101,ERR2265650,drc,2015,T10
AfricaCODERR2265651T1020150101,ERR2265651,drc,2015,T10
AfricaCODERR2265661T1020150101,ERR2265661,drc,2015,T10
AfricaCODERR3268993T1020150101,ERR3268993,drc,2015,T10
AfricaCODERR3268994T1020150101,ERR3268994,drc,2015,T10
AfricaCODERR3268995T1020150101,ERR3268995,drc,2015,T10
AfricaCODERR3268996T1020150101,ERR3268996,drc,2015,T10
AfricaCODERR3268997T1020150101,ERR3268997,drc,2015,T10
AfricaCODERR3268998T1020150101,ERR3268998,drc,2015,T10
AfricaCODERR3268999T1020150101,ERR3268999,drc,2015,T10
AfricaCODERR3269000T1020150101,ERR3269000,drc,2015,T10
AfricaCODERR3269001T1020150101,ERR3269001,drc,2015,T10
AfricaCODERR3269002T1020150101,ERR3269002,drc,2015,T10
AfricaCODERR3269003T1020150101,ERR3269003,drc,2015,T10
AfricaCODERR3269004T1020150101,ERR3269004,drc,2015,T10
AfricaCODERR3269005T1020150101,ERR3269005,drc,2015,T10
AfricaCODERR3269006T1020150101,ERR3269006,drc,2015,T10
AfricaCODERR3269007T1020150101,ERR3269007,drc,2015,T10
AfricaCODERR3269008T1020150101,ERR3269008,drc,2015,T10
AfricaCODERR3269009T1020150101,ERR3269009,drc,2015,T10
AfricaCODERR3269010T1020150101,ERR3269010,drc,2015,T10
AfricaCODERR3269011T1020150101,ERR3269011,drc,2015,T10
AfricaCODERR3269012T1020150101,ERR3269012,drc,2015,T10
AfricaCODERR3269013T1020150101,ERR3269013,drc,2015,T10
AfricaCODERR3269028T1020150101,ERR3269028,drc,2015,T10
AfricaCODERR3269029T1020150101,ERR3269029,drc,2015,T10
AfricaCODERR3269043T1020150101,ERR3269043,drc,2015,T10
AfricaCODERR3269047T1020150101,ERR3269047,drc,2015,T10
AfricaCODERR3269048T1020150101,ERR3269048,drc,2015,T10
AfricaCODERR3269063T1020150101,ERR3269063,drc,2015,T10
AfricaCODERR3269065T1020150101,ERR3269065,drc,2015,T10
AfricaCODERR3269066T1020150101,ERR3269066,drc,2015,T10
AfricaCODERR3269014T1020160101,ERR3269014,drc,2016,T10
AfricaCODERR3269015T1020160101,ERR3269015,drc,2016,T10
AfricaCODERR3269016T1020160101,ERR3269016,drc,2016,T10
AfricaCODERR3269017T1020160101,ERR3269017,drc,2016,T10
AfricaCODERR3269018T1020160101,ERR3269018,drc,2016,T10
AfricaCODERR3269019T1020160101,ERR3269019,drc,2016,T10
AfricaCODERR3269020T1020160101,ERR3269020,drc,2016,T10
AfricaCODERR3269021T1020160101,ERR3269021,drc,2016,T10
AfricaCODERR3269022T1020160101,ERR3269022,drc,2016,T10
AfricaCODERR3269023T1020160101,ERR3269023,drc,2016,T10
AfricaCODERR3269024T1020160101,ERR3269024,drc,2016,T10
AfricaCODERR3269025T1020160101,ERR3269025,drc,2016,T10
AfricaCODERR3269026T1020160101,ERR3269026,drc,2016,T10
AfricaCODERR3269027T1020160101,ERR3269027,drc,2016,T10
AfricaCODERR3269031T1020160101,ERR3269031,drc,2016,T10
AfricaCODERR3269032T1020160101,ERR3269032,drc,2016,T10
AfricaCODERR3269033T1020160101,ERR3269033,drc,2016,T10
AfricaCODERR3269034T1020160101,ERR3269034,drc,2016,T10
AfricaCODERR3269035T1020160101,ERR3269035,drc,2016,T10
AfricaCODERR3269036T1020160101,ERR3269036,drc,2016,T10
AfricaCODERR3269037T1020160101,ERR3269037,drc,2016,T10
AfricaCODERR3269038T1020160101,ERR3269038,drc,2016,T10
AfricaCODERR3268992T1020170101,ERR3268992,drc,2017,T10
AfricaCODERR3269064T1020170101,ERR3269064,drc,2017,T10
AfricaGNQERR1878130T920050101,ERR1878130,equatorial guinea,2005,T9
AfricaGNQERR1878131T920050101,ERR1878131,equatorial guinea,2005,T9
AfricaETHERR976399T319700101,ERR976399,ethiopia,1970,T3
AfricaETHERR976463T319700101,ERR976463,ethiopia,1970,T3
AfricaETHERR1879392T419850101,ERR1879392,ethiopia,1985,T4
AfricaETHERR1879387T619980101,ERR1879387,ethiopia,1998,T6
AfricaETHERR1879545T619980101,ERR1879545,ethiopia,1998,T6
AfricaGABERR976547T719970101,ERR976547,gabon,1997,T7
AfricaGHAERR976464T119700101,ERR976464,ghana,1970,T1
AfricaGHAERR976465T119700101,ERR976465,ghana,1970,T1
AfricaGHAERR976429T119710101,ERR976429,ghana,1971,T1
AfricaGHAERR976430T119710101,ERR976430,ghana,1971,T1
AfricaGHA637b8a3aca7802194366715bT1220100101,637b8a3aca7802194366715b,ghana,2010,T12
AfricaGHA637b8a3aca78023719667163T1220100101,637b8a3aca78023719667163,ghana,2010,T12
AfricaGHA637b8a3aca7802d26366715eT1220100101,637b8a3aca7802d26366715e,ghana,2010,T12
AfricaGHA637b8a3aca780201cd66714eT920100101,637b8a3aca780201cd66714e,ghana,2010,T9
AfricaGHA637b8a3aca78022b19667155T920100101,637b8a3aca78022b19667155,ghana,2010,T9
AfricaGHA637b8a3aca78023f81667150T920100101,637b8a3aca78023f81667150,ghana,2010,T9
AfricaGHA637b8a3aca78024bbb66714cT920100101,637b8a3aca78024bbb66714c,ghana,2010,T9
AfricaGHA637b8a3aca7802503e667153T920100101,637b8a3aca7802503e667153,ghana,2010,T9
AfricaGHA637b8a3aca78025e4466714aT920100101,637b8a3aca78025e4466714a,ghana,2010,T9
AfricaGHA637b8a3aca7802617e66715aT920100101,637b8a3aca7802617e66715a,ghana,2010,T9
AfricaGHAGCF_0255050951T920100101,GCF_0255050951,ghana,2010,T9
AfricaGHA637b8a3aca780223e1667177T1220110101,637b8a3aca780223e1667177,ghana,2011,T12
AfricaGHA637b8a3aca780214f466714bT920110101,637b8a3aca780214f466714b,ghana,2011,T9
AfricaGHA637b8a3aca78021b58667143T920110101,637b8a3aca78021b58667143,ghana,2011,T9
AfricaGHA637b8a3aca78021d9e667158T920110101,637b8a3aca78021d9e667158,ghana,2011,T9
AfricaGHA637b8a3aca78022be26671afT920110101,637b8a3aca78022be26671af,ghana,2011,T9
AfricaGHA637b8a3aca78023fd6667144T920110101,637b8a3aca78023fd6667144,ghana,2011,T9
AfricaGHA637b8a3aca78024f4a6671baT920110101,637b8a3aca78024f4a6671ba,ghana,2011,T9
AfricaGHA637b8a3aca7802544066714dT920110101,637b8a3aca7802544066714d,ghana,2011,T9
AfricaGHA637b8a3aca7802622f667145T920110101,637b8a3aca7802622f667145,ghana,2011,T9
AfricaGHA637b8a3aca7802630a6671bcT920110101,637b8a3aca7802630a6671bc,ghana,2011,T9
AfricaGHA637b8a3aca78026ecb667159T920110101,637b8a3aca78026ecb667159,ghana,2011,T9
AfricaGHA637b8a3aca7802794e667157T920110101,637b8a3aca7802794e667157,ghana,2011,T9
AfricaGHA637b8a3aca7802e7676671bbT920110101,637b8a3aca7802e7676671bb,ghana,2011,T9
AfricaGHAERR1024518T920110101,ERR1024518,ghana,2011,T9
AfricaGHAGCF_0255050051T920110101,GCF_0255050051,ghana,2011,T9
AfricaGHA637b8a3aca780216b96671b4T1220120101,637b8a3aca780216b96671b4,ghana,2012,T12
AfricaGHA637b8a3aca7802185966715fT1220120101,637b8a3aca7802185966715f,ghana,2012,T12
AfricaGHA637b8a3aca7802279d66719cT1220120101,637b8a3aca7802279d66719c,ghana,2012,T12
AfricaGHA637b8a3aca78023715667168T1220120101,637b8a3aca78023715667168,ghana,2012,T12
AfricaGHA637b8a3aca78024211667147T1220120101,637b8a3aca78024211667147,ghana,2012,T12
AfricaGHA637b8a3aca78028dc66671b3T1220120101,637b8a3aca78028dc66671b3,ghana,2012,T12
AfricaGHA637b8a3aca7802a5566671b0T1220120101,637b8a3aca7802a5566671b0,ghana,2012,T12
AfricaGHA637b8a3aca7802a7cf6671b6T1220120101,637b8a3aca7802a7cf6671b6,ghana,2012,T12
AfricaGHA637b8a3aca7802ae0566719bT1220120101,637b8a3aca7802ae0566719b,ghana,2012,T12
AfricaGHA637b8a3aca78020381667170T920120101,637b8a3aca78020381667170,ghana,2012,T9
AfricaGHA637b8a3aca78022007667166T920120101,637b8a3aca78022007667166,ghana,2012,T9
AfricaGHA637b8a3aca780223d5667164T920120101,637b8a3aca780223d5667164,ghana,2012,T9
AfricaGHA637b8a3aca7802421a667182T920120101,637b8a3aca7802421a667182,ghana,2012,T9
AfricaGHA637b8a3aca78025ecd66714fT920120101,637b8a3aca78025ecd66714f,ghana,2012,T9
AfricaGHA637b8a3aca78025f5d667154T920120101,637b8a3aca78025f5d667154,ghana,2012,T9
AfricaGHA637b8a3aca78027512667152T920120101,637b8a3aca78027512667152,ghana,2012,T9
AfricaGHA637b8a3aca7802dff56671b5T920120101,637b8a3aca7802dff56671b5,ghana,2012,T9
AfricaGHA637b8a3aca78020ccc6671a5T1220140101,637b8a3aca78020ccc6671a5,ghana,2014,T12
AfricaGHA637b8a3aca7802181e66718fT1220140101,637b8a3aca7802181e66718f,ghana,2014,T12
AfricaGHA637b8a3aca780243b66671a3T1220140101,637b8a3aca780243b66671a3,ghana,2014,T12
AfricaGHA637b8a3aca78024deb66718dT1220140101,637b8a3aca78024deb66718d,ghana,2014,T12
AfricaGHA637b8a3aca780251c866719aT1220140101,637b8a3aca780251c866719a,ghana,2014,T12
AfricaGHA637b8a3aca780256506671aeT1220140101,637b8a3aca780256506671ae,ghana,2014,T12
AfricaGHA637b8a3aca78025aa2667198T1220140101,637b8a3aca78025aa2667198,ghana,2014,T12
AfricaGHA637b8a3aca780263c7667189T1220140101,637b8a3aca780263c7667189,ghana,2014,T12
AfricaGHA637b8a3aca7802641c667190T1220140101,637b8a3aca7802641c667190,ghana,2014,T12
AfricaGHA637b8a3aca780290646671a9T1220140101,637b8a3aca780290646671a9,ghana,2014,T12
AfricaGHA637b8a3aca7802e8e96671adT1220140101,637b8a3aca7802e8e96671ad,ghana,2014,T12
AfricaGHA637b8a3aca7802fa80667194T1220140101,637b8a3aca7802fa80667194,ghana,2014,T12
AfricaGHAERR1024521T1220140101,ERR1024521,ghana,2014,T12
AfricaGHAERR1024524T1220140101,ERR1024524,ghana,2014,T12
AfricaGHAERR1024526T1220140101,ERR1024526,ghana,2014,T12
AfricaGHAGCF_0255049851T920140101,GCF_0255049851,ghana,2014,T9
AfricaGHAGCF_0255050351T920140101,GCF_0255050351,ghana,2014,T9
AfricaGHA637b8a3aca7802089f667179T1220150101,637b8a3aca7802089f667179,ghana,2015,T12
AfricaGHA637b8a3aca78020e58667167T1220150101,637b8a3aca78020e58667167,ghana,2015,T12
AfricaGHA637b8a3aca78021647667184T1220150101,637b8a3aca78021647667184,ghana,2015,T12
AfricaGHA637b8a3aca780228b466717bT1220150101,637b8a3aca780228b466717b,ghana,2015,T12
AfricaGHA637b8a3aca78023023667173T1220150101,637b8a3aca78023023667173,ghana,2015,T12
AfricaGHA637b8a3aca780237ee667191T1220150101,637b8a3aca780237ee667191,ghana,2015,T12
AfricaGHA637b8a3aca780242db667162T1220150101,637b8a3aca780242db667162,ghana,2015,T12
AfricaGHA637b8a3aca78025d55667160T1220150101,637b8a3aca78025d55667160,ghana,2015,T12
AfricaGHA637b8a3aca7802699b66716aT1220150101,637b8a3aca7802699b66716a,ghana,2015,T12
AfricaGHA637b8a3aca78026a6b66716fT1220150101,637b8a3aca78026a6b66716f,ghana,2015,T12
AfricaGHA637b8a3aca78026cba667142T1220150101,637b8a3aca78026cba667142,ghana,2015,T12
AfricaGHA637b8a3aca7802872266716eT1220150101,637b8a3aca7802872266716e,ghana,2015,T12
AfricaGHA637b8a3aca780291e9667151T1220150101,637b8a3aca780291e9667151,ghana,2015,T12
AfricaGHA637b8a3aca780295aa66717eT1220150101,637b8a3aca780295aa66717e,ghana,2015,T12
AfricaGHA637b8a3aca7802a846667180T1220150101,637b8a3aca7802a846667180,ghana,2015,T12
AfricaGHA637b8a3aca7802bc3466715cT1220150101,637b8a3aca7802bc3466715c,ghana,2015,T12
AfricaGHA637b8a3aca7802c218667176T1220150101,637b8a3aca7802c218667176,ghana,2015,T12
AfricaGHA637b8a3aca7802cb5e667171T1220150101,637b8a3aca7802cb5e667171,ghana,2015,T12
AfricaGHA637b8a3aca7802fde466717aT1220150101,637b8a3aca7802fde466717a,ghana,2015,T12
AfricaGHAGCF_0255050551T1220150101,GCF_0255050551,ghana,2015,T12
AfricaGHA637b8a3aca780226066671bfT1220160101,637b8a3aca780226066671bf,ghana,2016,T12
AfricaGHA637b8a3aca780240286671beT1220160101,637b8a3aca780240286671be,ghana,2016,T12
AfricaGHA637b8a3aca7802a5086671bdT1220160101,637b8a3aca7802a5086671bd,ghana,2016,T12
AfricaGINERR976403T119700101,ERR976403,guinea,1970,T1
AfricaGINERR976466T119700101,ERR976466,guinea,1970,T1
AfricaGINERR976467T119700101,ERR976467,guinea,1970,T1
AfricaGINERR1879546T719900101,ERR1879546,guinea,1990,T7
AfricaGINERR976537T919940101,ERR976537,guinea,1994,T9
AfricaGINERR976538T919940101,ERR976538,guinea,1994,T9
AfricaGINERR976539T919940101,ERR976539,guinea,1994,T9
AfricaGINERR976542T919940101,ERR976542,guinea,1994,T9
AfricaGINERR998670T919950101,ERR998670,guinea,1995,T9
AfricaGINERR998676T919950101,ERR998676,guinea,1995,T9
AfricaGINERR998677T919950101,ERR998677,guinea,1995,T9
AfricaGINERR976574T919980101,ERR976574,guinea,1998,T9
AfricaGINERR1878112T920040101,ERR1878112,guinea,2004,T9
AfricaGINERR386658T920120101,ERR386658,guinea,2012,T9
AfricaGINERR386666T920120101,ERR386666,guinea,2012,T9
AfricaGINERR386704T920120101,ERR386704,guinea,2012,T9
AfricaGNBERR976504T919940101,ERR976504,guinea-bissau,1994,T9
AfricaGNBERR1880762T919970101,ERR1880762,guinea-bissau,1997,T9
AfricaGNBERR1880772T920080101,ERR1880772,guinea-bissau,2008,T9
AfricaGNBERR1880773T920080101,ERR1880773,guinea-bissau,2008,T9
AfricaGNBERR1878604T920120101,ERR1878604,guinea-bissau,2012,T9
AfricaGNBERR1878605T920120101,ERR1878605,guinea-bissau,2012,T9
AfricaKENACHX00000000T519850101,ACHX00000000,kenya,1985,T5
AfricaKENERR1879539T1019980101,ERR1879539,kenya,1998,T10
AfricaKENERR1879540T1019980101,ERR1879540,kenya,1998,T10
AfricaKENERR1879385T619980101,ERR1879385,kenya,1998,T6
AfricaKENERR1879543T619980101,ERR1879543,kenya,1998,T6
AfricaKENERR1879544T619980101,ERR1879544,kenya,1998,T6
AfricaKENERR019288T1020050101,ERR019288,kenya,2005,T10
AfricaKENERR019296T1020050101,ERR019296,kenya,2005,T10
AfricaKENERR019297T1020050101,ERR019297,kenya,2005,T10
AfricaKENERR1878153T1020060101,ERR1878153,kenya,2006,T10
AfricaKENERR1878154T1020060101,ERR1878154,kenya,2006,T10
AfricaKENERR019287T1020070101,ERR019287,kenya,2007,T10
AfricaKENERR019289T1020070101,ERR019289,kenya,2007,T10
AfricaKENERR019290T1020070101,ERR019290,kenya,2007,T10
AfricaKENERR019291T1020070101,ERR019291,kenya,2007,T10
AfricaKENERR019292T1020070101,ERR019292,kenya,2007,T10
AfricaKENERR019295T1020070101,ERR019295,kenya,2007,T10
AfricaKENERR117579T1020070101,ERR117579,kenya,2007,T10
AfricaKENERR117593T1020070101,ERR117593,kenya,2007,T10
AfricaKENKEN2007006T1020070101,SAMN40623175,kenya,2007,T10
AfricaKENKEN2007005T1020070101,SAMN40623191,kenya,2007,T10
AfricaKENKEN2007002T1320070101,SAMN40623148,kenya,2007,T13
AfricaKENKEN2007008T1320070101,SAMN40623176,kenya,2007,T13
AfricaKENERR117606T1020080101,ERR117606,kenya,2008,T10
AfricaKENKEN2008006T1020080101,SAMN40623150,kenya,2008,T10
AfricaKENKEN2008007T1020080101,SAMN40623151,kenya,2008,T10
AfricaKENKEN2008001T1020080101,SAMN40623165,kenya,2008,T10
AfricaKENKEN2008002T1020080101,SAMN40623174,kenya,2008,T10
AfricaKENKEN2008005T1020080101,SAMN40623178,kenya,2008,T10
AfricaKENERR028066T1020090101,ERR028066,kenya,2009,T10
AfricaKENERR028068T1020090101,ERR028068,kenya,2009,T10
AfricaKENERR028074T1020090101,ERR028074,kenya,2009,T10
AfricaKENERR028075T1020090101,ERR028075,kenya,2009,T10
AfricaKENERR028076T1020090101,ERR028076,kenya,2009,T10
AfricaKENERR114415T1020090101,ERR114415,kenya,2009,T10
AfricaKENERR114416T1020090101,ERR114416,kenya,2009,T10
AfricaKENERR117480T1020090101,ERR117480,kenya,2009,T10
AfricaKENERR117482T1020090101,ERR117482,kenya,2009,T10
AfricaKENERR117555T1020090101,ERR117555,kenya,2009,T10
AfricaKENERR117556T1020090101,ERR117556,kenya,2009,T10
AfricaKENERR117572T1020090101,ERR117572,kenya,2009,T10
AfricaKENERR117592T1020090101,ERR117592,kenya,2009,T10
AfricaKENERR117594T1020090101,ERR117594,kenya,2009,T10
AfricaKENERR117604T1020090101,ERR117604,kenya,2009,T10
AfricaKENERR117605T1020090101,ERR117605,kenya,2009,T10
AfricaKENERR117607T1020090101,ERR117607,kenya,2009,T10
AfricaKENERR117609T1020090101,ERR117609,kenya,2009,T10
AfricaKENERR117610T1020090101,ERR117610,kenya,2009,T10
AfricaKENERR117612T1020090101,ERR117612,kenya,2009,T10
AfricaKENERR117613T1020090101,ERR117613,kenya,2009,T10
AfricaKENKEN2009110T1020090101,SAMN40623142,kenya,2009,T10
AfricaKENKEN2009087T1020090101,SAMN40623153,kenya,2009,T10
AfricaKENKEN2009078T1020090101,SAMN40623154,kenya,2009,T10
AfricaKENKEN2009077T1020090101,SAMN40623156,kenya,2009,T10
AfricaKENKEN2009100T1020090101,SAMN40623158,kenya,2009,T10
AfricaKENKEN2009046T1020090101,SAMN40623164,kenya,2009,T10
AfricaKENKEN2009073T1020090101,SAMN40623172,kenya,2009,T10
AfricaKENKEN2009134T1020090101,SAMN40623173,kenya,2009,T10
AfricaKENKEN2009136T1020090101,SAMN40623179,kenya,2009,T10
AfricaKENKEN2009135T1020090101,SAMN40623187,kenya,2009,T10
AfricaKENKEN2009055T1020090101,SAMN40623189,kenya,2009,T10
AfricaKENKEN2009035T1020090101,SAMN40623192,kenya,2009,T10
AfricaKENKEN2009007T1020090101,SAMN40623195,kenya,2009,T10
AfricaKENKEN2009092T1020090101,SAMN40623197,kenya,2009,T10
AfricaKENKEN2009142T1020090101,SAMN40623202,kenya,2009,T10
AfricaKENKEN2009015T1020090101,SAMN40623203,kenya,2009,T10
AfricaKENKEN2009013T1320090101,SAMN40623159,kenya,2009,T13
AfricaKENKEN2009147T1320090101,SAMN40623160,kenya,2009,T13
AfricaKENKEN2009103T1320090101,SAMN40623169,kenya,2009,T13
AfricaKENKEN2009143T1320090101,SAMN40623188,kenya,2009,T13
KEN2009097,SAMN40623143,kenya,2009,T16
KEN2009085,SAMN40623152,kenya,2009,T17
KEN2009101,SAMN40623157,kenya,2009,T17
KEN2009128,SAMN40623170,kenya,2009,T17
KEN2009095,SAMN40623171,kenya,2009,T17
KEN2009017,SAMN40623181,kenya,2009,T17
KEN2009043,SAMN40623182,kenya,2009,T17
KEN2009061,SAMN40623184,kenya,2009,T17
KEN2009084,SAMN40623185,kenya,2009,T17
KEN2009001,SAMN40623193,kenya,2009,T17
KEN2009125,SAMN40623198,kenya,2009,T17
KEN2009098,SAMN40623204,kenya,2009,T17
AfricaKENERR114418sporadic20090101,ERR114418,kenya,2009,sporadic
AfricaKENERR117600sporadic20090101,ERR117600,kenya,2009,sporadic
AfricaKEN62f153165f2db81bb2b67376T1020100101,62f153165f2db81bb2b67376,kenya,2010,T10
AfricaKENERR037738T1020100101,ERR037738,kenya,2010,T10
AfricaKENERR037739T1020100101,ERR037739,kenya,2010,T10
AfricaKENERR037741T1020100101,ERR037741,kenya,2010,T10
AfricaKENERR117473T1020100101,ERR117473,kenya,2010,T10
AfricaKENERR117484T1020100101,ERR117484,kenya,2010,T10
AfricaKENERR117485T1020100101,ERR117485,kenya,2010,T10
AfricaKENERR117490T1020100101,ERR117490,kenya,2010,T10
AfricaKENERR117569T1020100101,ERR117569,kenya,2010,T10
AfricaKENERR117571T1020100101,ERR117571,kenya,2010,T10
AfricaKENERR117573T1020100101,ERR117573,kenya,2010,T10
AfricaKENERR117577T1020100101,ERR117577,kenya,2010,T10
AfricaKENERR117578T1020100101,ERR117578,kenya,2010,T10
AfricaKENERR117581T1020100101,ERR117581,kenya,2010,T10
AfricaKENERR117583T1020100101,ERR117583,kenya,2010,T10
AfricaKENERR117586T1020100101,ERR117586,kenya,2010,T10
AfricaKENERR117588T1020100101,ERR117588,kenya,2010,T10
AfricaKENERR117590T1020100101,ERR117590,kenya,2010,T10
AfricaKENERR117595T1020100101,ERR117595,kenya,2010,T10
AfricaKENERR117597T1020100101,ERR117597,kenya,2010,T10
AfricaKENERR117599T1020100101,ERR117599,kenya,2010,T10
AfricaKENERS1572813T1020100101,ERS1572813,kenya,2010,T10
AfricaKENKEN2010006T1020100101,SAMN40623155,kenya,2010,T10
AfricaKENKEN2010002T1020100101,SAMN40623166,kenya,2010,T10
AfricaKENKEN2010025T1020100101,SAMN40623194,kenya,2010,T10
AfricaKENKEN2010034T1020100101,SAMN40623200,kenya,2010,T10
AfricaKENKEN2010014T1020100101,SAMN40623206,kenya,2010,T10
AfricaKENKEN2010017T1320100101,SAMN40623167,kenya,2010,T13
AfricaKENKEN2010016T1320100101,SAMN40623177,kenya,2010,T13
KEN2010013,SAMN40623183,kenya,2010,T17
KEN2010043,SAMN40623196,kenya,2010,T17
KEN2010038,SAMN40623199,kenya,2010,T17
KEN2010045,SAMN40623205,kenya,2010,T17
KEN2010055,SAMN40623207,kenya,2010,T17
AfricaKENKEN2011003T1020110101,SAMN40623163,kenya,2011,T10
AfricaKENKEN2011001T1320110101,SAMN40623168,kenya,2011,T13
AfricaKENKEN2011002T1320110101,SAMN40623190,kenya,2011,T13
KEN2011004,SAMN40623162,kenya,2011,T17
AfricaKENERS1572798T1020120101,ERS1572798,kenya,2012,T10
AfricaKENERS1572803T1020120101,ERS1572803,kenya,2012,T10
AfricaKENERS1572809T1020120101,ERS1572809,kenya,2012,T10
AfricaKENKEN2013001T1320130101,SAMN40623161,kenya,2013,T13
AfricaKENERR2265589T1320150101,ERR2265589,kenya,2015,T13
AfricaKENERS1572783T1320150101,ERS1572783,kenya,2015,T13
AfricaKENERS1572784T1320150101,ERS1572784,kenya,2015,T13
AfricaKENERS1572785T1320150101,ERS1572785,kenya,2015,T13
AfricaKENERS1572793T1320150101,ERS1572793,kenya,2015,T13
AfricaKENKEN2015033T1320150101,SAMN40623180,kenya,2015,T13
AfricaKENKEN2015031T1320150101,SAMN40623186,kenya,2015,T13
AfricaKENERS1572815T1320160101,ERS1572815,kenya,2016,T13
AfricaKENERS4937847T1320170101,ERS4937847,kenya,2017,T13
AfricaKENERS4937848T1320170101,ERS4937848,kenya,2017,T13
AfricaKENERS4937850T1320170101,ERS4937850,kenya,2017,T13
AfricaKENERS4937851T1320170101,ERS4937851,kenya,2017,T13
AfricaKENKEN2018087T1320180101,SAMN40623144,kenya,2018,T13
AfricaKENKEN2018091T1320180101,SAMN40623146,kenya,2018,T13
AfricaKENKEN2018082T1320180101,SAMN40623147,kenya,2018,T13
AfricaKENKEN2018088UND20180101,SAMN40623201,kenya,2018,sporadic
AfricaKENKEN2019064T1320190101,SAMN40623145,kenya,2019,T13
AfricaKENKEN2019061T1320190101,SAMN40623149,kenya,2019,T13
AfricaKENKEN2019008UND20190101,SAMN40623141,kenya,2019,sporadic
AfricaLBRERR976468T119700101,ERR976468,liberia,1970,T1
AfricaLBRERR976469T119700101,ERR976469,liberia,1970,T1
AfricaLBRERR976545T719940101,ERR976545,liberia,1994,T7
AfricaLBRERR976546T719940101,ERR976546,liberia,1994,T7
AfricaLBRERR976543T919940101,ERR976543,liberia,1994,T9
AfricaLBRERR998657T919940101,ERR998657,liberia,1994,T9
AfricaLBRERR998658T919940101,ERR998658,liberia,1994,T9
AfricaLBRERR998678T919950101,ERR998678,liberia,1995,T9
AfricaLBRERR998679T919950101,ERR998679,liberia,1995,T9
AfricaLBRERR998699T919960101,ERR998699,liberia,1996,T9
AfricaLBRERR1877954T920020101,ERR1877954,liberia,2002,T9
AfricaLBRERR1878088T920020101,ERR1878088,liberia,2002,T9
AfricaLBRERR1878098T920030101,ERR1878098,liberia,2003,T9
AfricaLBRERR1878099T920030101,ERR1878099,liberia,2003,T9
AfricaMDGERR976588T1019990101,ERR976588,madagascar,1999,T10
AfricaMDGERR976589T1019990101,ERR976589,madagascar,1999,T10
AfricaMDGERR976590T1019990101,ERR976590,madagascar,1999,T10
AfricaMDGERR1877939T1020000101,ERR1877939,madagascar,2000,T10
AfricaMDGERR976591T1020000101,ERR976591,madagascar,2000,T10
AfricaMDGERR976592T1020000101,ERR976592,madagascar,2000,T10
AfricaMDGERR976593T1020000101,ERR976593,madagascar,2000,T10
AfricaMDGERR976594T1020000101,ERR976594,madagascar,2000,T10
AfricaMDGERR976595T1020000101,ERR976595,madagascar,2000,T10
AfricaMDGERR976596T1020000101,ERR976596,madagascar,2000,T10
AfricaMDGERR1877940T1020010101,ERR1877940,madagascar,2001,T10
AfricaMWIERR976394T119890101,ERR976394,malawi,1989,T1
AfricaMWIERR976392T119900101,ERR976392,malawi,1990,T1
AfricaMWIERR976393T119900101,ERR976393,malawi,1990,T1
AfricaMWIERR976523T119920101,ERR976523,malawi,1992,T1
AfricaMWIERR1879658T519970101,ERR1879658,malawi,1997,T5
AfricaMWIERR1880761T519970101,ERR1880761,malawi,1997,T5
AfricaMWIMWIVC08T1120150101,MWIVC08,malawi,2015,T11
AfricaMWIMWIVC10T1120150101,MWIVC10,malawi,2015,T11
AfricaMWIMWIVC02T1320150101,MWIVC02,malawi,2015,T13
AfricaMWIMWIVC14T1120160101,MWIVC14,malawi,2016,T11
AfricaMWIMWIVC15T1120160101,MWIVC15,malawi,2016,T11
AfricaMWIMWIVC17T1120160101,MWIVC17,malawi,2016,T11
AfricaMWIMWIVC19T1120160101,MWIVC19,malawi,2016,T11
AfricaMWIMWIVC20T1120160101,MWIVC20,malawi,2016,T11
AfricaMWIMWIVC21T1320160101,MWIVC21,malawi,2016,T13
AfricaMWIMWIVC11T1120170101,MWIVC11,malawi,2017,T11
AfricaMWIMWIVC12T1120170101,MWIVC12,malawi,2017,T11
AfricaMWIMWIVC26T1320180101,MWIVC26,malawi,2018,T13
AfricaMWIMWIVC27T1320180101,MWIVC27,malawi,2018,T13
AfricaMWIMWIVC28T1320180101,MWIVC28,malawi,2018,T13
AfricaMWIMWIVC29T1320180101,MWIVC29,malawi,2018,T13
AfricaMWIMWIVC31T1320180101,MWIVC31,malawi,2018,T13
AfricaMWIMWIVC32T1320180101,MWIVC32,malawi,2018,T13
AfricaMWIMWIVC34T1320180101,MWIVC34,malawi,2018,T13
AfricaMWIMWIVC35T1320180101,MWIVC35,malawi,2018,T13
AfricaMWISRS17567731T1520220101,SRS17567731,malawi,2022,T15
AfricaMWISRS17567732T1520220101,SRS17567732,malawi,2022,T15
AfricaMWISRS17567733T1520220101,SRS17567733,malawi,2022,T15
AfricaMWISRS17567734T1520220101,SRS17567734,malawi,2022,T15
AfricaMWISRS17567735T1520220101,SRS17567735,malawi,2022,T15
AfricaMWISRS17567736T1520220101,SRS17567736,malawi,2022,T15
AfricaMWISRS17567737T1520220101,SRS17567737,malawi,2022,T15
AfricaMWISRS17567740T1520220101,SRS17567740,malawi,2022,T15
AfricaMWISRS17567742T1520220101,SRS17567742,malawi,2022,T15
AfricaMWISRS17567743T1520220101,SRS17567743,malawi,2022,T15
AfricaMWISRS17567745T1520220101,SRS17567745,malawi,2022,T15
AfricaMWISRS17567756T1520220101,SRS17567756,malawi,2022,T15
AfricaMWISRS17567763T1520220101,SRS17567763,malawi,2022,T15
AfricaMWISRS17567769T1520220101,SRS17567769,malawi,2022,T15
AfricaMWISRS17567772T1520220101,SRS17567772,malawi,2022,T15
AfricaMWISRS17567773T1520220101,SRS17567773,malawi,2022,T15
AfricaMWISRS17567783T1520220101,SRS17567783,malawi,2022,T15
AfricaMWISRS17567749T1520230101,SRS17567749,malawi,2023,T15
AfricaMWISRS17567750T1520230101,SRS17567750,malawi,2023,T15
AfricaMWISRS17567751T1520230101,SRS17567751,malawi,2023,T15
AfricaMWISRS17567752T1520230101,SRS17567752,malawi,2023,T15
AfricaMWISRS17567753T1520230101,SRS17567753,malawi,2023,T15
AfricaMWISRS17567757T1520230101,SRS17567757,malawi,2023,T15
AfricaMWISRS17567759T1520230101,SRS17567759,malawi,2023,T15
AfricaMWISRS17567760T1520230101,SRS17567760,malawi,2023,T15
AfricaMWISRS17567761T1520230101,SRS17567761,malawi,2023,T15
AfricaMWISRS17567762T1520230101,SRS17567762,malawi,2023,T15
AfricaMWISRS17567765T1520230101,SRS17567765,malawi,2023,T15
AfricaMWISRS17567768T1520230101,SRS17567768,malawi,2023,T15
AfricaMWISRS17567770T1520230101,SRS17567770,malawi,2023,T15
AfricaMWISRS17567771T1520230101,SRS17567771,malawi,2023,T15
AfricaMWISRS17567774T1520230101,SRS17567774,malawi,2023,T15
AfricaMWISRS17567775T1520230101,SRS17567775,malawi,2023,T15
AfricaMWISRS17567777T1520230101,SRS17567777,malawi,2023,T15
AfricaMWISRS17567778T1520230101,SRS17567778,malawi,2023,T15
AfricaMWISRS17567779T1520230101,SRS17567779,malawi,2023,T15
AfricaMWISRS17567781T1520230101,SRS17567781,malawi,2023,T15
AfricaMWISRS17567786T1520230101,SRS17567786,malawi,2023,T15
AfricaMWISRS17567787T1520230101,SRS17567787,malawi,2023,T15
AfricaMWISRS17567788T1520230101,SRS17567788,malawi,2023,T15
AfricaMWISRS17567789T1520230101,SRS17567789,malawi,2023,T15
AfricaMWISRS17567790T1520230101,SRS17567790,malawi,2023,T15
AfricaMWISRS17567791T1520230101,SRS17567791,malawi,2023,T15
AfricaMWISRS17567792T1520230101,SRS17567792,malawi,2023,T15
AfricaMWISRS17567793T1520230101,SRS17567793,malawi,2023,T15
AfricaMWISRS17567797T1520230101,SRS17567797,malawi,2023,T15
AfricaMLIERR976402T119700101,ERR976402,mali,1970,T1
AfricaMLIERR976472T119700101,ERR976472,mali,1970,T1
AfricaMLIERR976480T119840101,ERR976480,mali,1984,T1
AfricaMLIERR976481T119850101,ERR976481,mali,1985,T1
AfricaMLIERR998673T919950101,ERR998673,mali,1995,T9
AfricaMLIERR998674T919950101,ERR998674,mali,1995,T9
AfricaMLIERR998704T919960101,ERR998704,mali,1996,T9
AfricaMLIERR1880770T920030101,ERR1880770,mali,2003,T9
AfricaMLIERR1880771T920030101,ERR1880771,mali,2003,T9
AfricaMLIERR1878150T920050101,ERR1878150,mali,2005,T9
AfricaMLIERR1878149T920060101,ERR1878149,mali,2006,T9
AfricaMRTERR576978T119860101,ERR576978,mauritania,1986,T1
AfricaMRTERR1879598T919960101,ERR1879598,mauritania,1996,T9
AfricaMRTERR1879599T919960101,ERR1879599,mauritania,1996,T9
AfricaMRTERR1878556T920050101,ERR1878556,mauritania,2005,T9
AfricaMRTERR1878559T920050101,ERR1878559,mauritania,2005,T9
AfricaMRTERR1878557T920060101,ERR1878557,mauritania,2006,T9
AfricaMRTERR1878558T920060101,ERR1878558,mauritania,2006,T9
AfricaMOZERR1879547T119900101,ERR1879547,mozambique,1990,T1
AfricaMOZERR018150T119910101,ERR018150,mozambique,1991,T1
AfricaMOZERR018151T119910101,ERR018151,mozambique,1991,T1
AfricaMOZERR018152T119910101,ERR018152,mozambique,1991,T1
AfricaMOZERR1877616T119920101,ERR1877616,mozambique,1992,T1
AfricaMOZERR1880763T819970101,ERR1880763,mozambique,1997,T8
AfricaMOZERR976585T819990101,ERR976585,mozambique,1999,T8
AfricaMOZERR976586T819990101,ERR976586,mozambique,1999,T8
AfricaMOZERR976587T819990101,ERR976587,mozambique,1999,T8
AfricaMOZERS1938051T1120020101,ERS1938051,mozambique,2002,T11
AfricaMOZERS1938058T1120020101,ERS1938058,mozambique,2002,T11
AfricaMOZERS1938059T1120020101,ERS1938059,mozambique,2002,T11
AfricaMOZSAMN06263838sporadic20020512,SAMN06263838,mozambique,2002,sporadic
AfricaMOZSAMN06263840sporadic20020514,SAMN06263840,mozambique,2002,sporadic
AfricaMOZSAMN06263841sporadic20020514,SAMN06263841,mozambique,2002,sporadic
AfricaMOZSAMN06263842sporadic20020520,SAMN06263842,mozambique,2002,sporadic
AfricaMOZSAMN06263843sporadic20020520,SAMN06263843,mozambique,2002,sporadic
AfricaMOZSAMN06263844sporadic20020520,SAMN06263844,mozambique,2002,sporadic
AfricaMOZSAMN06263845sporadic20020520,SAMN06263845,mozambique,2002,sporadic
AfricaMOZSAMN06263846sporadic20020521,SAMN06263846,mozambique,2002,sporadic
AfricaMOZSAMN06263847sporadic20020607,SAMN06263847,mozambique,2002,sporadic
AfricaMOZSAMN06263848sporadic20020707,SAMN06263848,mozambique,2002,sporadic
AfricaMOZERS1938060T1120030101,ERS1938060,mozambique,2003,T11
AfricaMOZERS1938079T1120030101,ERS1938079,mozambique,2003,T11
AfricaMOZERS1938085T1120030101,ERS1938085,mozambique,2003,T11
AfricaMOZSAMN06263853sporadic20030321,SAMN06263853,mozambique,2003,sporadic
AfricaMOZSAMN06263867sporadic20030505,SAMN06263867,mozambique,2003,sporadic
AfricaMOZSAMN06263849sporadic20030304,SAMN06263849,mozambique,2003,sporadic
AfricaMOZSAMN06263850sporadic20030305,SAMN06263850,mozambique,2003,sporadic
AfricaMOZSAMN06263856sporadic20030321,SAMN06263856,mozambique,2003,sporadic
AfricaMOZSAMN06263860sporadic20030323,SAMN06263860,mozambique,2003,sporadic
AfricaMOZSAMN06263861sporadic20030407,SAMN06263861,mozambique,2003,sporadic
AfricaMOZSAMN06263862sporadic20030409,SAMN06263862,mozambique,2003,sporadic
AfricaMOZSAMN06263863sporadic20030411,SAMN06263863,mozambique,2003,sporadic
AfricaMOZSAMN06263864sporadic20030420,SAMN06263864,mozambique,2003,sporadic
AfricaMOZSAMN06263865sporadic20030502,SAMN06263865,mozambique,2003,sporadic
AfricaMOZSAMN06263866sporadic20030502,SAMN06263866,mozambique,2003,sporadic
AfricaMOZSAMN06263868sporadic20030505,SAMN06263868,mozambique,2003,sporadic
AfricaMOZSAMN06263869sporadic20030505,SAMN06263869,mozambique,2003,sporadic
AfricaMOZSAMN06263870sporadic20030506,SAMN06263870,mozambique,2003,sporadic
AfricaMOZSAMN06263871sporadic20030515,SAMN06263871,mozambique,2003,sporadic
AfricaMOZSAMN06263872sporadic20030516,SAMN06263872,mozambique,2003,sporadic
AfricaMOZSAMN06263873sporadic20030517,SAMN06263873,mozambique,2003,sporadic
AfricaMOZSAMN06263874sporadic20030517,SAMN06263874,mozambique,2003,sporadic
AfricaMOZSAMN06263875sporadic20030519,SAMN06263875,mozambique,2003,sporadic
AfricaMOZSAMN06263876sporadic20030521,SAMN06263876,mozambique,2003,sporadic
AfricaMOZACHZ00000000T820040101,ACHZ00000000,mozambique,2004,T8
AfricaMOZERR044797T820040101,ERR044797,mozambique,2004,T8
AfricaMOZERR025356T820050101,ERR025356,mozambique,2005,T8
AfricaMOZERR025367T820050101,ERR025367,mozambique,2005,T8
AfricaMOZERR025377T820050101,ERR025377,mozambique,2005,T8
AfricaMOZSAMN06263839sporadic20050514,SAMN06263839,mozambique,2005,sporadic
AfricaMOZSAMN06263879sporadic20080124,SAMN06263879,mozambique,2008,sporadic
AfricaMOZSAMN06263878sporadic20080116,SAMN06263878,mozambique,2008,sporadic
AfricaMOZSAMN06263880sporadic20080125,SAMN06263880,mozambique,2008,sporadic
AfricaMOZSAMN06263881sporadic20080219,SAMN06263881,mozambique,2008,sporadic
AfricaMOZSAMN06263882sporadic20090216,SAMN06263882,mozambique,2009,sporadic
AfricaMOZSAMN06263883sporadic20090305,SAMN06263883,mozambique,2009,sporadic
AfricaMOZERS1938068T1120100101,ERS1938068,mozambique,2010,T11
AfricaMOZERS1938072T1120100101,ERS1938072,mozambique,2010,T11
AfricaMOZSAMN06263854sporadic20100604,SAMN06263854,mozambique,2010,sporadic
AfricaMOZSAMN06263855sporadic20100604,SAMN06263855,mozambique,2010,sporadic
AfricaMOZSAMN06263857sporadic20100601,SAMN06263857,mozambique,2010,sporadic
AfricaMOZSAMN06263858sporadic20100601,SAMN06263858,mozambique,2010,sporadic
AfricaMOZSAMN06263859sporadic20100601,SAMN06263859,mozambique,2010,sporadic
AfricaNERERR976473T119700101,ERR976473,niger,1970,T1
AfricaNERERR976474T119700101,ERR976474,niger,1970,T1
AfricaNERERR976516T719910101,ERR976516,niger,1991,T7
AfricaNERERR998663T719940101,ERR998663,niger,1994,T7
AfricaNERERR998686T919950101,ERR998686,niger,1995,T9
AfricaNERERR998689T919960101,ERR998689,niger,1996,T9
AfricaNERERR1877637T919990101,ERR1877637,niger,1999,T9
AfricaNERERR1878113T920040101,ERR1878113,niger,2004,T9
AfricaNERERR1878114T920040101,ERR1878114,niger,2004,T9
AfricaNERERR1878544T920060101,ERR1878544,niger,2006,T9
AfricaNERERR1878545T920060101,ERR1878545,niger,2006,T9
AfricaNERERR1878565T920080101,ERR1878565,niger,2008,T9
AfricaNERERR1878566T920080101,ERR1878566,niger,2008,T9
AfricaNERERR1878611T1220100101,ERR1878611,niger,2010,T12
AfricaNERERR1878612T1220100101,ERR1878612,niger,2010,T12
AfricaNERSRS7416470T1220110101,SRS7416470,niger,2011,T12
AfricaNERSRS7416471T1220110101,SRS7416471,niger,2011,T12
AfricaNERSRS7416472T1220110101,SRS7416472,niger,2011,T12
AfricaNERSRS7416473T1220110101,SRS7416473,niger,2011,T12
AfricaNERSRS7416474T1220110101,SRS7416474,niger,2011,T12
AfricaNERSRS7416475T1220110101,SRS7416475,niger,2011,T12
AfricaNERSRS7416476T1220120101,SRS7416476,niger,2012,T12
AfricaNERSRS7416464T1220160101,SRS7416464,niger,2016,T12
AfricaNERSRS7416463T1220180101,SRS7416463,niger,2018,T12
AfricaNERSRS7416465T1220180101,SRS7416465,niger,2018,T12
AfricaNERSRS7416466T1220180101,SRS7416466,niger,2018,T12
AfricaNERSRS7416468T1220180101,SRS7416468,niger,2018,T12
AfricaNERSRS7416469T1220180101,SRS7416469,niger,2018,T12
AfricaNGAERR976431T119700101,ERR976431,nigeria,1970,T1
AfricaNGAERR976432T119700101,ERR976432,nigeria,1970,T1
AfricaNGAERR998692T919960101,ERR998692,nigeria,1996,T9
AfricaNGAERR998705T919960101,ERR998705,nigeria,1996,T9
AfricaNGAERR998706T919960101,ERR998706,nigeria,1996,T9
AfricaNGAERR998707T919960101,ERR998707,nigeria,1996,T9
AfricaNGAERR998709T919960101,ERR998709,nigeria,1996,T9
AfricaNGAERR1879657T219970101,ERR1879657,nigeria,1997,T2
AfricaNGAERR1879656T919970101,ERR1879656,nigeria,1997,T9
AfricaNGAERR1878146T920050101,ERR1878146,nigeria,2005,T9
AfricaNGAERR1878147T920050101,ERR1878147,nigeria,2005,T9
AfricaNGAERR1878546T920060101,ERR1878546,nigeria,2006,T9
AfricaNGAERR1878547T920060101,ERR1878547,nigeria,2006,T9
AfricaNGAERR1878578T1220090101,ERR1878578,nigeria,2009,T12
AfricaNGAERR1878579T1220090101,ERR1878579,nigeria,2009,T12
AfricaNGAERR1878583T1220100101,ERR1878583,nigeria,2010,T12
AfricaNGAERR1878589T1220100101,ERR1878589,nigeria,2010,T12
AfricaNGAERR1878593T1220110101,ERR1878593,nigeria,2011,T12
AfricaNGAERR1878594T1220110101,ERR1878594,nigeria,2011,T12
AfricaNGAERR1878601T1220110101,ERR1878601,nigeria,2011,T12
AfricaNGAERR1878609T1220140101,ERR1878609,nigeria,2014,T12
AfricaNGAERR1878610T1220140101,ERR1878610,nigeria,2014,T12
AfricaNGASRS7416484T1220180101,SRS7416484,nigeria,2018,T12
AfricaNGASRS7416485T1220180101,SRS7416485,nigeria,2018,T12
AfricaNGASRS7416486T1220180101,SRS7416486,nigeria,2018,T12
AfricaNGASRS7416487T1220180101,SRS7416487,nigeria,2018,T12
AfricaNGASRS7416488T1220180101,SRS7416488,nigeria,2018,T12
AfricaNGASRS7416491T1220180101,SRS7416491,nigeria,2018,T12
AfricaNGASRS7416492T1220180101,SRS7416492,nigeria,2018,T12
AfricaNGASRS7416494T1220180101,SRS7416494,nigeria,2018,T12
AfricaNGASRS7416495T1220180101,SRS7416495,nigeria,2018,T12
AfricaNGASRS7416480T1220190101,SRS7416480,nigeria,2019,T12
AfricaNGASRS7416481T1220190101,SRS7416481,nigeria,2019,T12
AfricaNGASRS7416482T1220190101,SRS7416482,nigeria,2019,T12
AfricaNGASRS7416490T1220190101,SRS7416490,nigeria,2019,T12
AfricaCOGERR976559T719980101,ERR976559,rep. of the congo,1998,T7
AfricaCOGERR976560T719980101,ERR976560,rep. of the congo,1998,T7
AfricaCOGERR1879647T719990101,ERR1879647,rep. of the congo,1999,T7
AfricaCOGERR1878549T920070101,ERR1878549,rep. of the congo,2007,T9
AfricaCOGERR1878550T920070101,ERR1878550,rep. of the congo,2007,T9
AfricaRWAERR976414T519880101,ERR976414,rwanda,1988,T5
AfricaRWAERR976528T519930101,ERR976528,rwanda,1993,T5
AfricaRWAERR998713T519960101,ERR998713,rwanda,1996,T5
AfricaRWAERR998715T519960101,ERR998715,rwanda,1996,T5
AfricaRWAERR998716T519960101,ERR998716,rwanda,1996,T5
AfricaRWAERR998721T519960101,ERR998721,rwanda,1996,T5
AfricaRWAERR998722T519960101,ERR998722,rwanda,1996,T5
AfricaRWAERR976566T1019980101,ERR976566,rwanda,1998,T10
AfricaRWAERR976567T1019980101,ERR976567,rwanda,1998,T10
AfricaRWAERR976569T1019980101,ERR976569,rwanda,1998,T10
AfricaRWAERR1877614T519980101,ERR1877614,rwanda,1998,T5
AfricaRWAERR1877615T519980101,ERR1877615,rwanda,1998,T5
AfricaRWAERR1877641T1020000101,ERR1877641,rwanda,2000,T10
AfricaRWAERR1877642T1020000101,ERR1877642,rwanda,2000,T10
AfricaSTPERR1879552T119890101,ERR1879552,sao tome,1989,T1
AfricaSTPERR1880798T119890101,ERR1880798,sao tome,1989,T1
AfricaSENERR976436T119710101,ERR976436,senegal,1971,T1
AfricaSENERR976435T119720101,ERR976435,senegal,1972,T1
AfricaSENERR976433T119730101,ERR976433,senegal,1973,T1
AfricaSENERR1879586T119740101,ERR1879586,senegal,1974,T1
AfricaSENERR976434T119740101,ERR976434,senegal,1974,T1
AfricaSENERR1879434T919940101,ERR1879434,senegal,1994,T9
AfricaSENERR998690T919960101,ERR998690,senegal,1996,T9
AfricaSENERR998691T919960101,ERR998691,senegal,1996,T9
AfricaSENERR998693T919960101,ERR998693,senegal,1996,T9
AfricaSENERR998695T919960101,ERR998695,senegal,1996,T9
AfricaSENERR998710T919960101,ERR998710,senegal,1996,T9
AfricaSENERR998717T919960101,ERR998717,senegal,1996,T9
AfricaSENERR998718T919960101,ERR998718,senegal,1996,T9
AfricaSENERR998719T919960101,ERR998719,senegal,1996,T9
AfricaSENERR998720T919960101,ERR998720,senegal,1996,T9
AfricaSENERR1878117T920040101,ERR1878117,senegal,2004,T9
AfricaSENERR1878127T920040101,ERR1878127,senegal,2004,T9
AfricaSLEERR976398T119700101,ERR976398,sierra leone,1970,T1
AfricaSLEERR976475T119700101,ERR976475,sierra leone,1970,T1
AfricaSLEERR976477T719860101,ERR976477,sierra leone,1986,T7
AfricaSLEERR998675T919950101,ERR998675,sierra leone,1995,T9
AfricaSLEERR976580T719980101,ERR976580,sierra leone,1998,T7
AfricaSLEERR1878111T920040101,ERR1878111,sierra leone,2004,T9
AfricaSLEERR1878115T920040101,ERR1878115,sierra leone,2004,T9
AfricaSOMERR1879536T419850101,ERR1879536,somalia,1985,T4
AfricaSOMERR1879537T519850101,ERR1879537,somalia,1985,T5
AfricaSOMERR1879575T619940101,ERR1879575,somalia,1994,T6
AfricaSOMERR998732T619970101,ERR998732,somalia,1997,T6
AfricaSOMERR976583T619990101,ERR976583,somalia,1999,T6
AfricaSOMERR1878094T620030101,ERR1878094,somalia,2003,T6
AfricaSOMERR1878095T620030101,ERR1878095,somalia,2003,T6
AfricaZAFERR1880786T119800101,ERR1880786,south africa,1980,T1
AfricaZAFERR1880791T119800101,ERR1880791,south africa,1980,T1
AfricaZAFERR1880792T119800101,ERR1880792,south africa,1980,T1
AfricaZAFERR1880789T819980101,ERR1880789,south africa,1998,T8
AfricaZAFERR1877613T820010101,ERR1877613,south africa,2001,T8
AfricaZAFERR1880774T820010101,ERR1880774,south africa,2001,T8
AfricaZAFERR1880775T820010101,ERR1880775,south africa,2001,T8
AfricaZAFERR1880776T820010101,ERR1880776,south africa,2001,T8
AfricaZAFERR1880777T820010101,ERR1880777,south africa,2001,T8
AfricaZAFERR1880778T820010101,ERR1880778,south africa,2001,T8
AfricaZAFERR1880779T820010101,ERR1880779,south africa,2001,T8
AfricaZAFERR1880780T820010101,ERR1880780,south africa,2001,T8
AfricaZAFERR1880781T820010101,ERR1880781,south africa,2001,T8
AfricaZAFERR1880782T820010101,ERR1880782,south africa,2001,T8
AfricaZAFERR1880783T820010101,ERR1880783,south africa,2001,T8
AfricaZAFERR1880784T820010101,ERR1880784,south africa,2001,T8
AfricaZAFERR1880785T820010101,ERR1880785,south africa,2001,T8
AfricaZAFERR1880787T820010101,ERR1880787,south africa,2001,T8
AfricaZAFERR1880788T820010101,ERR1880788,south africa,2001,T8
AfricaZAFERR1880790T820010101,ERR1880790,south africa,2001,T8
AfricaZAFERR1880768T820020101,ERR1880768,south africa,2002,T8
AfricaZAFERR1880769T820020101,ERR1880769,south africa,2002,T8
AfricaZAFSRR774784T1120090101,SRR774784,south africa,2009,T11
AfricaZAFERS4937862T1320180101,ERS4937862,south africa,2018,T13
AfricaZAFERS4937863T1320180101,ERS4937863,south africa,2018,T13
AfricaZAFERS14664731T1520230101,ERS14664731,south africa,2023,T15
AfricaZAFERS14665040T1520230101,ERS14665040,south africa,2023,T15
AfricaZAFERS14903181T1520230101,ERS14903181,south africa,2023,T15
AfricaZAFERS14903182T1520230101,ERS14903182,south africa,2023,T15
AfricaZAFERS14903183T1520230101,ERS14903183,south africa,2023,T15
AfricaZAFERS14903184T1520230101,ERS14903184,south africa,2023,T15
AfricaZAFERS14903185T1520230101,ERS14903185,south africa,2023,T15
AfricaZAFERS14903186T1520230101,ERS14903186,south africa,2023,T15
AfricaZAFERS14953944T1520230101,ERS14953944,south africa,2023,T15
AfricaZAFERS14953945T1520230101,ERS14953945,south africa,2023,T15
AfricaZAFERS15554882T1520230101,ERS15554882,south africa,2023,T15
AfricaZAFERS15554883T1520230101,ERS15554883,south africa,2023,T15
AfricaZAFERS15554884T1520230101,ERS15554884,south africa,2023,T15
AfricaZAFERS15554885T1520230101,ERS15554885,south africa,2023,T15
AfricaZAFERS15990272T1520230101,ERS15990272,south africa,2023,T15
AfricaZAFERS15990273T1520230101,ERS15990273,south africa,2023,T15
AfricaZAFERS15990274T1520230101,ERS15990274,south africa,2023,T15
AfricaZAFERS15990275T1520230101,ERS15990275,south africa,2023,T15
AfricaZAFERS15990276T1520230101,ERS15990276,south africa,2023,T15
AfricaZAFERS15990277T1520230101,ERS15990277,south africa,2023,T15
AfricaZAFERS15990278T1520230101,ERS15990278,south africa,2023,T15
AfricaZAFERS15990279T1520230101,ERS15990279,south africa,2023,T15
AfricaZAFERS15990280T1520230101,ERS15990280,south africa,2023,T15
AfricaZAFERS15990281T1520230101,ERS15990281,south africa,2023,T15
AfricaZAFERS15990282T1520230101,ERS15990282,south africa,2023,T15
AfricaZAFERS15990283T1520230101,ERS15990283,south africa,2023,T15
AfricaZAFERS15990284T1520230101,ERS15990284,south africa,2023,T15
AfricaZAFERS15990285T1520230101,ERS15990285,south africa,2023,T15
AfricaZAFERS15990286T1520230101,ERS15990286,south africa,2023,T15
AfricaZAFERS15990287T1520230101,ERS15990287,south africa,2023,T15
AfricaZAFERS15990288T1520230101,ERS15990288,south africa,2023,T15
AfricaZAFERS15990289T1520230101,ERS15990289,south africa,2023,T15
AfricaZAFERS15990290T1520230101,ERS15990290,south africa,2023,T15
AfricaZAFERS15990291T1520230101,ERS15990291,south africa,2023,T15
AfricaZAFERS15990292T1520230101,ERS15990292,south africa,2023,T15
AfricaZAFERS15990293T1520230101,ERS15990293,south africa,2023,T15
AfricaZAFERS15990294T1520230101,ERS15990294,south africa,2023,T15
AfricaZAFERS15990295T1520230101,ERS15990295,south africa,2023,T15
AfricaZAFERS15990296T1520230101,ERS15990296,south africa,2023,T15
AfricaZAFERS15990297T1520230101,ERS15990297,south africa,2023,T15
AfricaZAFERS15990298T1520230101,ERS15990298,south africa,2023,T15
AfricaZAFERS15990299T1520230101,ERS15990299,south africa,2023,T15
AfricaZAFERS15990300T1520230101,ERS15990300,south africa,2023,T15
AfricaZAFERS15990301T1520230101,ERS15990301,south africa,2023,T15
AfricaZAFERS15990302T1520230101,ERS15990302,south africa,2023,T15
AfricaZAFERS15990303T1520230101,ERS15990303,south africa,2023,T15
AfricaZAFERS15990304T1520230101,ERS15990304,south africa,2023,T15
AfricaZAFERS15990305T1520230101,ERS15990305,south africa,2023,T15
AfricaZAFERS15990306T1520230101,ERS15990306,south africa,2023,T15
AfricaZAFERS15990307T1520230101,ERS15990307,south africa,2023,T15
AfricaZAFERS15990308T1520230101,ERS15990308,south africa,2023,T15
AfricaZAFERS15990309T1520230101,ERS15990309,south africa,2023,T15
AfricaZAFERS15990310T1520230101,ERS15990310,south africa,2023,T15
AfricaZAFERS15990311T1520230101,ERS15990311,south africa,2023,T15
AfricaZAFERS15990312T1520230101,ERS15990312,south africa,2023,T15
AfricaZAFERS15990313T1520230101,ERS15990313,south africa,2023,T15
AfricaZAFERS15990314T1520230101,ERS15990314,south africa,2023,T15
AfricaZAFERS15990315T1520230101,ERS15990315,south africa,2023,T15
AfricaZAFERS15990316T1520230101,ERS15990316,south africa,2023,T15
AfricaZAFERS15990317T1520230101,ERS15990317,south africa,2023,T15
AfricaZAFERS15990318T1520230101,ERS15990318,south africa,2023,T15
AfricaZAFERS15990319T1520230101,ERS15990319,south africa,2023,T15
AfricaZAFERS15990320T1520230101,ERS15990320,south africa,2023,T15
AfricaZAFERS15990321T1520230101,ERS15990321,south africa,2023,T15
AfricaZAFERS15990322T1520230101,ERS15990322,south africa,2023,T15
AfricaZAFERS15990323T1520230101,ERS15990323,south africa,2023,T15
AfricaZAFERS15990324T1520230101,ERS15990324,south africa,2023,T15
AfricaZAFERS15990325T1520230101,ERS15990325,south africa,2023,T15
AfricaZAFERS15990326T1520230101,ERS15990326,south africa,2023,T15
AfricaZAFERS15990328T1520230101,ERS15990328,south africa,2023,T15
AfricaZAFERS15990329T1520230101,ERS15990329,south africa,2023,T15
AfricaZAFERS15990330T1520230101,ERS15990330,south africa,2023,T15
AfricaZAFERS15993566T1520230101,ERS15993566,south africa,2023,T15
AfricaZAFERS15993567T1520230101,ERS15993567,south africa,2023,T15
AfricaZAFERS15993568T1520230101,ERS15993568,south africa,2023,T15
AfricaZAFERS15993569T1520230101,ERS15993569,south africa,2023,T15
AfricaZAFERS15993570T1520230101,ERS15993570,south africa,2023,T15
AfricaZAFERS15993571T1520230101,ERS15993571,south africa,2023,T15
AfricaZAFERS15993573T1520230101,ERS15993573,south africa,2023,T15
AfricaZAFERS15993574T1520230101,ERS15993574,south africa,2023,T15
AfricaZAFERS15993575T1520230101,ERS15993575,south africa,2023,T15
AfricaZAFERS15993576T1520230101,ERS15993576,south africa,2023,T15
AfricaZAFERS15993577T1520230101,ERS15993577,south africa,2023,T15
AfricaZAFERS15993578T1520230101,ERS15993578,south africa,2023,T15
AfricaZAFERS15993579T1520230101,ERS15993579,south africa,2023,T15
AfricaZAFERS15993580T1520230101,ERS15993580,south africa,2023,T15
AfricaZAFERS15993581T1520230101,ERS15993581,south africa,2023,T15
AfricaZAFERS15993582T1520230101,ERS15993582,south africa,2023,T15
AfricaZAFERS15993583T1520230101,ERS15993583,south africa,2023,T15
AfricaZAFERS15993584T1520230101,ERS15993584,south africa,2023,T15
AfricaZAFERS15993585T1520230101,ERS15993585,south africa,2023,T15
AfricaZAFERS15993586T1520230101,ERS15993586,south africa,2023,T15
AfricaZAFERS15993587T1520230101,ERS15993587,south africa,2023,T15
AfricaZAFERS15993588T1520230101,ERS15993588,south africa,2023,T15
AfricaZAFERS15993589T1520230101,ERS15993589,south africa,2023,T15
AfricaZAFERS15993590T1520230101,ERS15993590,south africa,2023,T15
AfricaZAFERS15993591T1520230101,ERS15993591,south africa,2023,T15
AfricaZAFERS15993592T1520230101,ERS15993592,south africa,2023,T15
AfricaZAFERS15993593T1520230101,ERS15993593,south africa,2023,T15
AfricaZAFERS15993594T1520230101,ERS15993594,south africa,2023,T15
AfricaZAFERS15993595T1520230101,ERS15993595,south africa,2023,T15
AfricaZAFERS15993596T1520230101,ERS15993596,south africa,2023,T15
AfricaZAFERS15993597T1520230101,ERS15993597,south africa,2023,T15
AfricaZAFERS15993598T1520230101,ERS15993598,south africa,2023,T15
AfricaZAFERS15993599T1520230101,ERS15993599,south africa,2023,T15
AfricaZAFERS15993600T1520230101,ERS15993600,south africa,2023,T15
AfricaZAFERS16049961T1520230101,ERS16049961,south africa,2023,T15
AfricaZAFERS16049962T1520230101,ERS16049962,south africa,2023,T15
AfricaZAFERS16232379T1520230101,ERS16232379,south africa,2023,T15
AfricaZAFERS16284795T1520230101,ERS16284795,south africa,2023,T15
AfricaZAFERS16284796T1520230101,ERS16284796,south africa,2023,T15
AfricaZAFERS16452885T1520230101,ERS16452885,south africa,2023,T15
AfricaZAFERS16508136T1520230101,ERS16508136,south africa,2023,T15
AfricaSSDERR1878553T1020070101,ERR1878553,south sudan,2007,T10
AfricaSSDERR1878554T1020070101,ERR1878554,south sudan,2007,T10
AfricaSSDERR1878569T1020080101,ERR1878569,south sudan,2008,T10
AfricaSSDERR2265591T1020140101,ERR2265591,south sudan,2014,T10
AfricaSSDERR2265645T1020140101,ERR2265645,south sudan,2014,T10
AfricaSSDERR2265646T1020140101,ERR2265646,south sudan,2014,T10
AfricaSSDERR2265647T1020140101,ERR2265647,south sudan,2014,T10
AfricaSSDERR2265648T1020140101,ERR2265648,south sudan,2014,T10
AfricaSSDERR2265653T1020150101,ERR2265653,south sudan,2015,T10
AfricaSSDERR2265654T1020150101,ERR2265654,south sudan,2015,T10
AfricaSSDERR2265667T1020160101,ERR2265667,south sudan,2016,T10
AfricaSSDERR2265668T1020160101,ERR2265668,south sudan,2016,T10
AfricaSSDERR2265669T1020170101,ERR2265669,south sudan,2017,T10
AfricaSSDERR2265670T1020170101,ERR2265670,south sudan,2017,T10
AfricaSSDERR2265671T1020170101,ERR2265671,south sudan,2017,T10
AfricaSSDERR2265672T1020170101,ERR2265672,south sudan,2017,T10
AfricaSSDERR2265673T1020170101,ERR2265673,south sudan,2017,T10
AfricaSDNERR1879595T619960101,ERR1879595,sudan,1996,T6
AfricaSDNERR1879600T619960101,ERR1879600,sudan,1996,T6
AfricaSDNERR976571T1019980101,ERR976571,sudan,1998,T10
AfricaSDNERR976575T1019980101,ERR976575,sudan,1998,T10
AfricaTZAERR976531T519930101,ERR976531,tanzania,1993,T5
AfricaTZAERR1879655T519970101,ERR1879655,tanzania,1997,T5
AfricaTZAERR1879386T1019980101,ERR1879386,tanzania,1998,T10
AfricaTZAERR1880766T1019980101,ERR1880766,tanzania,1998,T10
AfricaTZAERR1880767T1019980101,ERR1880767,tanzania,1998,T10
AfricaTZAERR976563T1019980101,ERR976563,tanzania,1998,T10
AfricaTZAERR976564T1019980101,ERR976564,tanzania,1998,T10
AfricaTZAERR025370T1020090101,ERR025370,tanzania,2009,T10
AfricaTZAERS2318704T1020110101,ERS2318704,tanzania,2011,T10
AfricaTZAERR2442223T1020120101,ERR2442223,tanzania,2012,T10
AfricaTZAERR2442235T1020120101,ERR2442235,tanzania,2012,T10
AfricaTZAERR2442251T1020120101,ERR2442251,tanzania,2012,T10
AfricaTZAERS2318703T1020120101,ERS2318703,tanzania,2012,T10
AfricaTZAERS2318705T1020120101,ERS2318705,tanzania,2012,T10
AfricaTZAERR2442216T1020150101,ERR2442216,tanzania,2015,T10
AfricaTZAERR2442230T1020150101,ERR2442230,tanzania,2015,T10
AfricaTZAERR2442248T1020150101,ERR2442248,tanzania,2015,T10
AfricaTZAERR2442250T1020150101,ERR2442250,tanzania,2015,T10
AfricaTZAERR2442253T1020150101,ERR2442253,tanzania,2015,T10
AfricaTZAERS2318689T1020150101,ERS2318689,tanzania,2015,T10
AfricaTZAERS2318708T1020150101,ERS2318708,tanzania,2015,T10
AfricaTZAERS2318712T1020150101,ERS2318712,tanzania,2015,T10
AfricaTZAERS2318718T1020150101,ERS2318718,tanzania,2015,T10
AfricaTZATZA2015002T1020150101,TZA2015002,tanzania,2015,T10
AfricaTZAERR2442215T1320150101,ERR2442215,tanzania,2015,T13
AfricaTZAERR2442218T1320150101,ERR2442218,tanzania,2015,T13
AfricaTZAERR2442220T1320150101,ERR2442220,tanzania,2015,T13
AfricaTZAERR2442222T1320150101,ERR2442222,tanzania,2015,T13
AfricaTZAERR2442227T1320150101,ERR2442227,tanzania,2015,T13
AfricaTZAERR2442228T1320150101,ERR2442228,tanzania,2015,T13
AfricaTZAERR2442237T1320150101,ERR2442237,tanzania,2015,T13
AfricaTZAERR2442239T1320150101,ERR2442239,tanzania,2015,T13
AfricaTZAERR2442240T1320150101,ERR2442240,tanzania,2015,T13
AfricaTZAERR2442241T1320150101,ERR2442241,tanzania,2015,T13
AfricaTZAERR2442242T1320150101,ERR2442242,tanzania,2015,T13
AfricaTZAERR2442243T1320150101,ERR2442243,tanzania,2015,T13
AfricaTZAERR2442244T1320150101,ERR2442244,tanzania,2015,T13
AfricaTZAERS2318680T1320150101,ERS2318680,tanzania,2015,T13
AfricaTZAERS2318681T1320150101,ERS2318681,tanzania,2015,T13
AfricaTZAERS2318682T1320150101,ERS2318682,tanzania,2015,T13
AfricaTZAERS2318685T1320150101,ERS2318685,tanzania,2015,T13
AfricaTZAERS2318693T1320150101,ERS2318693,tanzania,2015,T13
AfricaTZAERS2318697T1320150101,ERS2318697,tanzania,2015,T13
AfricaTZAERS2318700T1320150101,ERS2318700,tanzania,2015,T13
AfricaTZAERS3013709T1320150101,ERS3013709,tanzania,2015,T13
AfricaTZAERS3013710T1320150101,ERS3013710,tanzania,2015,T13
AfricaTZAERS3013721T1320150101,ERS3013721,tanzania,2015,T13
AfricaTZAERS3013722T1320150101,ERS3013722,tanzania,2015,T13
AfricaTZATZA2015001T1320150101,TZA2015001,tanzania,2015,T13
TZA2015005,SAMN40623245,tanzania,2015,T16
AfricaTZATZA2015005sporadic20150101,TZA2015005,tanzania,2015,sporadic
AfricaTZAERS3013713T1320160101,ERS3013713,tanzania,2016,T13
AfricaTZAERS3013714T1320160101,ERS3013714,tanzania,2016,T13
AfricaTZAERS3013715T1320160101,ERS3013715,tanzania,2016,T13
AfricaTZAERS3013716T1320160101,ERS3013716,tanzania,2016,T13
AfricaTZAERS3013723T1320160101,ERS3013723,tanzania,2016,T13
AfricaTZAERS3013724T1320160101,ERS3013724,tanzania,2016,T13
AfricaTZAERS3013725T1320160101,ERS3013725,tanzania,2016,T13
AfricaTZASAMN19110434T1320160101,SAMN19110434,tanzania,2016,T13
AfricaTZASAMN19110437T1320160101,SAMN19110437,tanzania,2016,T13
AfricaTZASAMN19110438T1320160101,SAMN19110438,tanzania,2016,T13
AfricaTZASAMN19110439T1320160101,SAMN19110439,tanzania,2016,T13
AfricaTZASAMN19110440T1320160101,SAMN19110440,tanzania,2016,T13
AfricaTZASAMN19110444T1320160101,SAMN19110444,tanzania,2016,T13
AfricaTZATZA2016010T1320160101,TZA2016010,tanzania,2016,T13
AfricaTZAERS3013700T1020170101,ERS3013700,tanzania,2017,T10
AfricaTZAERS3013702T1020170101,ERS3013702,tanzania,2017,T10
AfricaTZAERS3013718T1020170101,ERS3013718,tanzania,2017,T10
AfricaTZAERS3035914T1020170101,ERS3035914,tanzania,2017,T10
AfricaTZASAMN19110432T1020170101,SAMN19110432,tanzania,2017,T10
AfricaTZASAMN19110433T1020170101,SAMN19110433,tanzania,2017,T10
AfricaTZASAMN19110435T1020170101,SAMN19110435,tanzania,2017,T10
AfricaTZATZA2017003T1020170101,TZA2017003,tanzania,2017,T10
AfricaTZATZA2017014T1020170101,TZA2017014,tanzania,2017,T10
AfricaTZATZA2017032T1020170101,TZA2017032,tanzania,2017,T10
AfricaTZAERS3013701T1320170101,ERS3013701,tanzania,2017,T13
AfricaTZAERS3013703T1320170101,ERS3013703,tanzania,2017,T13
AfricaTZAERS3013705T1320170101,ERS3013705,tanzania,2017,T13
AfricaTZAERS3013706T1320170101,ERS3013706,tanzania,2017,T13
AfricaTZAERS3013707T1320170101,ERS3013707,tanzania,2017,T13
AfricaTZAERS3013708T1320170101,ERS3013708,tanzania,2017,T13
AfricaTZAERS3013711T1320170101,ERS3013711,tanzania,2017,T13
AfricaTZAERS3013712T1320170101,ERS3013712,tanzania,2017,T13
AfricaTZAERS3013717T1320170101,ERS3013717,tanzania,2017,T13
AfricaTZAERS3013720T1320170101,ERS3013720,tanzania,2017,T13
AfricaTZAERS3013726T1320170101,ERS3013726,tanzania,2017,T13
AfricaTZAERS3013727T1320170101,ERS3013727,tanzania,2017,T13
AfricaTZAERS3013728T1320170101,ERS3013728,tanzania,2017,T13
AfricaTZAERS3035913T1320170101,ERS3035913,tanzania,2017,T13
AfricaTZAERS3035915T1320170101,ERS3035915,tanzania,2017,T13
AfricaTZASAMN19110427T1320170101,SAMN19110427,tanzania,2017,T13
AfricaTZASAMN19110428T1320170101,SAMN19110428,tanzania,2017,T13
AfricaTZASAMN19110429T1320170101,SAMN19110429,tanzania,2017,T13
AfricaTZASAMN19110430T1320170101,SAMN19110430,tanzania,2017,T13
AfricaTZASAMN19110431T1320170101,SAMN19110431,tanzania,2017,T13
AfricaTZASAMN19110436T1320170101,SAMN19110436,tanzania,2017,T13
AfricaTZASAMN19110441T1320170101,SAMN19110441,tanzania,2017,T13
AfricaTZASAMN19110442T1320170101,SAMN19110442,tanzania,2017,T13
AfricaTZASAMN19110443T1320170101,SAMN19110443,tanzania,2017,T13
AfricaTZATZA2017009T1320170101,TZA2017009,tanzania,2017,T13
AfricaTZAERS3013719sporadic20170101,ERS3013719,tanzania,2017,sporadic
AfricaTZATZA2018068T1020180101,TZA2018068,tanzania,2018,T10
AfricaTZATZA2018069T1020180101,TZA2018069,tanzania,2018,T10
AfricaTZATZA2018024T1320180101,TZA2018024,tanzania,2018,T13
AfricaTZATZA2018026T1320180101,TZA2018026,tanzania,2018,T13
AfricaTZATZA2018027T1320180101,TZA2018027,tanzania,2018,T13
AfricaTZATZA2018038T1320180101,TZA2018038,tanzania,2018,T13
AfricaTZATZA2018041T1320180101,TZA2018041,tanzania,2018,T13
AfricaTZATZA2018066T1320180101,TZA2018066,tanzania,2018,T13
AfricaTZATZA2018179T1320180101,TZA2018179,tanzania,2018,T13
AfricaTZATZA2018181T1320180101,TZA2018181,tanzania,2018,T13
TZA2018052,SAMN40623230,tanzania,2018,T16
TZA2018072,SAMN40623231,tanzania,2018,T17
TZA2018177,SAMN40623239,tanzania,2018,T17
TZA2018178,SAMN40623240,tanzania,2018,T17
AfricaTZATZA2018052sporadic20180101,TZA2018052,tanzania,2018,sporadic
AfricaTZATZA2018072sporadic20180101,TZA2018072,tanzania,2018,sporadic
AfricaTZATZA2018177sporadic20180101,TZA2018177,tanzania,2018,sporadic
AfricaTZATZA2018178sporadic20180101,TZA2018178,tanzania,2018,sporadic
AfricaTGOERR1877944T920010101,ERR1877944,togo,2001,T9
AfricaTGOERR572580T1220100101,ERR572580,togo,2010,T12
AfricaTGOERR572839T1220100101,ERR572839,togo,2010,T12
AfricaTGOERR572571T920100101,ERR572571,togo,2010,T9
AfricaTGOERR572572T920100101,ERR572572,togo,2010,T9
AfricaTGOERR572574T920100101,ERR572574,togo,2010,T9
AfricaTGOERR572585T1220110101,ERR572585,togo,2011,T12
AfricaTGOERR572589T1220110101,ERR572589,togo,2011,T12
AfricaTGOERR572582T920110101,ERR572582,togo,2011,T9
AfricaTGOERR572840T920110101,ERR572840,togo,2011,T9
AfricaTGOERR572590T1220120101,ERR572590,togo,2012,T12
AfricaTGOERR572592T1220120101,ERR572592,togo,2012,T12
AfricaTGOERR572842T1220120101,ERR572842,togo,2012,T12
AfricaUGAERR1877619T219920101,ERR1877619,uganda,1992,T2
AfricaUGAERR1877636T219920101,ERR1877636,uganda,1992,T2
AfricaUGAERR976552T1019980101,ERR976552,uganda,1998,T10
AfricaUGAERR976553T1019980101,ERR976553,uganda,1998,T10
AfricaUGAERR976584T1019990101,ERR976584,uganda,1999,T10
AfricaUGAERR1877638T1020000101,ERR1877638,uganda,2000,T10
AfricaUGAERR1877639T1020000101,ERR1877639,uganda,2000,T10
AfricaUGASAMN08744327T1020140101,SAMN08744327,uganda,2014,T10
AfricaUGASAMN08744328T1020140101,SAMN08744328,uganda,2014,T10
AfricaUGASAMN08744326T1020150101,SAMN08744326,uganda,2015,T10
AfricaUGASAMN08744329T1020150101,SAMN08744329,uganda,2015,T10
AfricaUGASAMN08744333T1020150101,SAMN08744333,uganda,2015,T10
AfricaUGASAMN08744334T1020150101,SAMN08744334,uganda,2015,T10
AfricaUGASAMN08744335T1020150101,SAMN08744335,uganda,2015,T10
AfricaUGASAMN08744332T1320150101,SAMN08744332,uganda,2015,T13
AfricaUGASAMN08744330T1320160101,SAMN08744330,uganda,2016,T13
AfricaUGASAMN08744331T1320160101,SAMN08744331,uganda,2016,T13
AfricaUGAUGA2018009T1020180101,UGA2018009,uganda,2018,T10
AfricaUGAUGA2018010T1020180101,UGA2018010,uganda,2018,T10
AfricaUGAUGA2018026T1320180101,UGA2018026,uganda,2018,T13
UGA2018006,SAMN40623252,uganda,2018,T17
AfricaUGAUGA2018006sporadic20180101,UGA2018006,uganda,2018,sporadic
AfricaZMBERR044794T519960101,ERR044794,zambia,1996,T5
AfricaZMBERR164757T519960101,ERR164757,zambia,1996,T5
AfricaZMBERR164758T519960101,ERR164758,zambia,1996,T5
AfricaZMBERR164759T519970101,ERR164759,zambia,1997,T5
AfricaZMBERR164760T519970101,ERR164760,zambia,1997,T5
AfricaZMBERR164763T519970101,ERR164763,zambia,1997,T5
AfricaZMBERR1880764T519980101,ERR1880764,zambia,1998,T5
AfricaZMBERR1880765T519980101,ERR1880765,zambia,1998,T5
AfricaZMBERR044795T1020030101,ERR044795,zambia,2003,T10
AfricaZMBERR164765T1020030101,ERR164765,zambia,2003,T10
AfricaZMBERR164766T1020030101,ERR164766,zambia,2003,T10
AfricaZMBERR164768T1020040101,ERR164768,zambia,2004,T10
AfricaZMBERR164773T1020040101,ERR164773,zambia,2004,T10
AfricaZMBERR164776T1020040101,ERR164776,zambia,2004,T10
AfricaZMBSRR227307T1020040101,SRR227307,zambia,2004,T10
AfricaZMBSRR227309T1020040101,SRR227309,zambia,2004,T10
AfricaZMBSAMN17861260T1020090101,SAMN17861260,zambia,2009,T10
AfricaZMBSAMN17861261T1020090101,SAMN17861261,zambia,2009,T10
AfricaZMBERR1878581T1020100101,ERR1878581,zambia,2010,T10
AfricaZMBERR1878582T1020100101,ERR1878582,zambia,2010,T10
AfricaZMBSAMN17861262T1020100101,SAMN17861262,zambia,2010,T10
AfricaZMBSAMN17861263T1020100101,SAMN17861263,zambia,2010,T10
AfricaZMBERR386656T1020120101,ERR386656,zambia,2012,T10
AfricaZMBERR386661T1020120101,ERR386661,zambia,2012,T10
AfricaZMBERR386663T1020120101,ERR386663,zambia,2012,T10
AfricaZMBZMB2016034T1020160101,ZMB2016034,zambia,2016,T10
AfricaZMBSAMN17861255T1320160101,SAMN17861255,zambia,2016,T13
AfricaZMBSAMN17861256T1320160101,SAMN17861256,zambia,2016,T13
AfricaZMBSAMN17861257T1320160101,SAMN17861257,zambia,2016,T13
AfricaZMBSAMN17861258T1320160101,SAMN17861258,zambia,2016,T13
AfricaZMBSAMN17861259T1320160101,SAMN17861259,zambia,2016,T13
AfricaZMBSAMN17861264T1320160101,SAMN17861264,zambia,2016,T13
AfricaZMBSAMN17861266T1320160101,SAMN17861266,zambia,2016,T13
AfricaZMBSAMN17861265T1320170101,SAMN17861265,zambia,2017,T13
ZMB2017003,SAMN17861249,zambia,2017,T13
ZMB2017005,SAMN17861250,zambia,2017,T13
ZMB2017006,SAMN17861251,zambia,2017,T13
ZMB2018006,SAMN17861252,zambia,2018,T13
ZMB2018004,SAMN17861253,zambia,2018,T13
ZMB2018001,SAMN17861254,zambia,2018,T13
AfricaZWEERR044798T1120090101,ERR044798,zimbabwe,2009,T11
AfricaZWESRR227311T1120090101,SRR227311,zimbabwe,2009,T11
AfricaZWEERR044799T820090101,ERR044799,zimbabwe,2009,T8
AfricaZWEERR044800T820090101,ERR044800,zimbabwe,2009,T8
AfricaZWEERR3342504T1120150101,ERR3342504,zimbabwe,2015,T11
AfricaZWEERR3342505T1120150101,ERR3342505,zimbabwe,2015,T11
AfricaZWEERS14903187T1120150101,ERS14903187,zimbabwe,2015,T11
AfricaZWEERS14903188T1120150101,ERS14903188,zimbabwe,2015,T11
AfricaZWE638a044cf00f707c251c7659T1320180101,638a044cf00f707c251c7659,zimbabwe,2018,T13
AfricaZWEERR3342507T1320180101,ERR3342507,zimbabwe,2018,T13
AfricaZWEERR3342508T1320180101,ERR3342508,zimbabwe,2018,T13
AfricaZWEERR3342509T1320180101,ERR3342509,zimbabwe,2018,T13
AfricaZWEERR3342511T1320180101,ERR3342511,zimbabwe,2018,T13
AfricaZWEERR3342512T1320180101,ERR3342512,zimbabwe,2018,T13
AfricaZWEERR3342516T1320180101,ERR3342516,zimbabwe,2018,T13
AfricaZWEERS14903189T1320180101,ERS14903189,zimbabwe,2018,T13
AfricaZWEERS14903190T1320180101,ERS14903190,zimbabwe,2018,T13
AfricaZWEERS4937855T1320180101,ERS4937855,zimbabwe,2018,T13
AfricaZWEERS4937856T1320180101,ERS4937856,zimbabwe,2018,T13
AfricaZWEERS14953941T1520230101,ERS14953941,zimbabwe,2023,T15
AfricaZWEERS14953946T1520230101,ERS14953946,zimbabwe,2023,T15
AfricaZWEERS17735873T1520230101,ERS17735873,zimbabwe,2023,T15
AfricaZWEERS17735874T1520230101,ERS17735874,zimbabwe,2023,T15
AfricaZWEERS17735875T1520230101,ERS17735875,zimbabwe,2023,T15
AfricaZWEERS17735876T1520230101,ERS17735876,zimbabwe,2023,T15
AfricaZWEERS17735877T1520230101,ERS17735877,zimbabwe,2023,T15
AfricaZWEERS17735878T1520230101,ERS17735878,zimbabwe,2023,T15
AfricaZWEERS17735879T1520230101,ERS17735879,zimbabwe,2023,T15
